epoch,loss,accuracy,val_loss,val_accuracy,val_balanced_accuracy,val_macro_f1,learning_rate,epoch_seconds,train_examples,train_examples_per_second,val_class_0_f1,val_class_0_precision,val_class_0_recall,val_class_0_support,val_class_1_f1,val_class_1_precision,val_class_1_recall,val_class_1_support,val_class_2_f1,val_class_2_precision,val_class_2_recall,val_class_2_support,val_class_3_f1,val_class_3_precision,val_class_3_recall,val_class_3_support,val_class_4_f1,val_class_4_precision,val_class_4_recall,val_class_4_support,val_class_5_f1,val_class_5_precision,val_class_5_recall,val_class_5_support,val_class_6_f1,val_class_6_precision,val_class_6_recall,val_class_6_support,val_class_7_f1,val_class_7_precision,val_class_7_recall,val_class_7_support,val_class_8_f1,val_class_8_precision,val_class_8_recall,val_class_8_support,val_class_9_f1,val_class_9_precision,val_class_9_recall,val_class_9_support
1,0.5841719508171082,0.9345486164093018,0.29607459902763367,0.9243990778923035,0.9170395591179903,0.9206605883965162,0.0003000000142492354,0.6097421250001389,69502.0,113985.8919866889,0.9299041855774081,0.9417773237997957,0.9183266932270916,1004.0,0.9407100999655291,0.9225828262339418,0.959563994374121,2844.0,0.9409909909909908,0.9367713004484305,0.9452488687782805,2210.0,0.9021549213744903,0.8969310943833236,0.9074399531341535,1707.0,0.938707528314457,0.9362126245847177,0.9412157648630595,1497.0,0.9155393053016453,0.9308550185873606,0.9007194244604316,1390.0,0.9134948096885813,0.9134948096885813,0.9134948096885813,1156.0,0.9164805716837874,0.935278030993619,0.8984238178633975,1142.0,0.8958644743398108,0.8981018981018981,0.8936381709741551,1006.0,0.9127589967284624,0.9341517857142857,0.8923240938166311,938.0
2,0.10636096447706223,0.9812667369842529,0.2721819579601288,0.9266818761825562,0.9203887984747849,0.9231210328041601,0.0003000000142492354,0.30524979199981317,69502.0,227688.9348381359,0.9334001001502252,0.9385699899295066,0.9282868525896414,1004.0,0.9421945309795777,0.9277436946148603,0.9571026722925458,2844.0,0.9433792014437175,0.9406207827260459,0.9461538461538461,2210.0,0.9022468631456084,0.8988372093023256,0.9056824838898653,1707.0,0.9422756089422756,0.9413333333333334,0.9432197728790915,1497.0,0.9171835096680043,0.930421909696521,0.9043165467625899,1390.0,0.9180327868852459,0.9156626506024096,0.9204152249134948,1156.0,0.9213780918727915,0.9295900178253119,0.9133099824868651,1142.0,0.8982880161127895,0.9102040816326531,0.8866799204771372,1006.0,0.9128316188413643,0.9273927392739274,0.8987206823027718,938.0
3,0.07316122204065323,0.9832666516304016,0.27729088068008423,0.927554726600647,0.922052810116041,0.9239819721738775,0.0003000000142492354,0.30428504200017414,69502.0,228410.8332869028,0.9357889497262319,0.9353233830845771,0.9362549800796812,1004.0,0.9434487558726292,0.933861522562866,0.9532348804500703,2844.0,0.9432432432432432,0.9390134529147982,0.9475113122171945,2210.0,0.9045667447306792,0.9040374488004681,0.9050966608084359,1707.0,0.9416861046317894,0.9394946808510638,0.9438877755511023,1497.0,0.9178779069767442,0.9273127753303965,0.9086330935251798,1390.0,0.9199480744266552,0.9203463203463204,0.9195501730103807,1156.0,0.9237549581313355,0.929902395740905,0.9176882661996497,1142.0,0.8972809667673717,0.9091836734693878,0.885685884691849,1006.0,0.9122240172320948,0.9216539717083787,0.9029850746268657,938.0
4,0.06062321364879608,0.9847630262374878,0.28598839044570923,0.9279575943946838,0.9221855255712346,0.9242184628244337,0.0003000000142492354,0.289410332999978,69502.0,240150.37500407867,0.9361277445109781,0.938,0.9342629482071713,1004.0,0.9440972222222221,0.9324417009602195,0.9560478199718706,2844.0,0.9444695259593681,0.9423423423423424,0.9466063348416289,2210.0,0.9058374889997067,0.9071680376028202,0.9045108377270065,1707.0,0.9414893617021276,0.9371277299801456,0.9458917835671342,1497.0,0.9177583697234352,0.9285714285714286,0.9071942446043165,1390.0,0.918825561312608,0.9172413793103448,0.9204152249134948,1156.0,0.9251760563380282,0.9300884955752212,0.9203152364273205,1142.0,0.8962739174219537,0.9081632653061225,0.8846918489065606,1006.0,0.9121293800539082,0.9225736095965104,0.9019189765458422,938.0
5,0.053596131503582,0.9860579371452332,0.2940913736820221,0.9286960959434509,0.9227585498131955,0.925074902883398,0.0003000000142492354,0.3047936660000232,69502.0,228029.6730313113,0.9361277445109781,0.938,0.9342629482071713,1004.0,0.9444058373870744,0.9333791208791209,0.9556962025316456,2844.0,0.9434470377019748,0.9358860195903829,0.951131221719457,2210.0,0.9083407014441498,0.9139976275207592,0.9027533684827183,1707.0,0.9418797741614081,0.9365918097754293,0.9472277889111557,1497.0,0.9182709771158736,0.9273661041819515,0.9093525179856116,1390.0,0.9211438474870018,0.9227430555555556,0.9195501730103807,1156.0,0.9277533039647576,0.9335106382978723,0.9220665499124343,1142.0,0.8953722334004024,0.9063136456211812,0.8846918489065606,1006.0,0.9140075716603571,0.9275521405049396,0.9008528784648188,938.0
6,0.04878892004489899,0.9872090220451355,0.3009096682071686,0.9289646744728088,0.9235665694722544,0.9253600483755167,0.0003000000142492354,0.304799833999823,69502.0,228025.05857021024,0.9339294585196224,0.931615460852329,0.9362549800796812,1004.0,0.9447446400557782,0.9367438645005185,0.9528832630098453,2844.0,0.9437093518726172,0.9355269008448199,0.9520361990950226,2210.0,0.9083946980854196,0.9135071090047393,0.9033391915641477,1707.0,0.9409422694094227,0.934739617666447,0.9472277889111557,1497.0,0.918820531488897,0.9299926308032425,0.9079136690647482,1390.0,0.9242160278745645,0.9307017543859649,0.9178200692041523,1156.0,0.9291684997800262,0.9336870026525199,0.9246935201401051,1142.0,0.8966550174737893,0.9007021063189569,0.8926441351888668,1006.0,0.9130199891950297,0.9255202628696605,0.9008528784648188,938.0
7,0.045389484614133835,0.9878996014595032,0.3068617284297943,0.9286289811134338,0.9234018141187205,0.9247676830564104,0.0003000000142492354,0.2944353749999209,69502.0,236051.79914274457,0.9335976214073339,0.9289940828402367,0.9382470119521913,1004.0,0.9448599756479388,0.9349397590361446,0.9549929676511955,2844.0,0.9447825107054315,0.9411764705882353,0.9484162895927601,2210.0,0.908768821966342,0.9160714285714285,0.9015817223198594,1707.0,0.9416082749416083,0.9406666666666667,0.9425517702070808,1497.0,0.9170590365809489,0.9234135667396062,0.9107913669064748,1390.0,0.9210069444444444,0.9242160278745645,0.9178200692041523,1156.0,0.9287598944591029,0.9328621908127208,0.9246935201401051,1142.0,0.896586345381526,0.9056795131845842,0.8876739562624254,1006.0,0.9106474050294274,0.9140708915145005,0.9072494669509595,938.0
8,0.04267992451786995,0.9886621832847595,0.31345102190971375,0.9286960959434509,0.9234708800132665,0.9250014541384793,0.0003000000142492354,0.30378666700016765,69502.0,228785.55101288116,0.9353233830845771,0.9343936381709742,0.9362549800796812,1004.0,0.9443865137295794,0.9336769759450172,0.9553445850914205,2844.0,0.9450202794051374,0.9412028725314183,0.948868778280543,2210.0,0.9074785693171741,0.915871121718377,0.8992384299941417,1707.0,0.9414114513981359,0.9382879893828799,0.9445557782231129,1497.0,0.9172714078374455,0.9253294289897511,0.9093525179856116,1390.0,0.9218749999999999,0.9250871080139372,0.9186851211072664,1156.0,0.9292307692307692,0.9329214474845543,0.925569176882662,1142.0,0.8960000000000001,0.9014084507042254,0.8906560636182903,1006.0,0.9120171673819741,0.91792656587473,0.906183368869936,938.0
9,0.040402185171842575,0.9890938401222229,0.3187178075313568,0.9281589984893799,0.9229526174001176,0.9244332445429654,0.0003000000142492354,0.30530720900014785,69502.0,227646.1149660123,0.9364046069103655,0.9415911379657603,0.9312749003984063,1004.0,0.9434684292920508,0.9335628227194492,0.9535864978902954,2844.0,0.9450697883836109,0.9404121863799283,0.9497737556561086,2210.0,0.9077468953282083,0.9164179104477612,0.8992384299941417,1707.0,0.9397670549084858,0.9363395225464191,0.9432197728790915,1497.0,0.9179970972423802,0.9260614934114202,0.9100719424460432,1390.0,0.9218071242397915,0.9258289703315882,0.9178200692041523,1156.0,0.9267864971503728,0.9280070237050044,0.925569176882662,1142.0,0.8960000000000001,0.9014084507042254,0.8906560636182903,1006.0,0.9092849519743864,0.9102564102564102,0.908315565031983,938.0
10,0.038722094148397446,0.9892665147781372,0.3229522407054901,0.9278233051300049,0.922687400180406,0.9242756666099025,0.0003000000142492354,0.30998562499962645,69502.0,224210.39685335007,0.9361277445109781,0.938,0.9342629482071713,1004.0,0.9424284717376135,0.9352493074792244,0.9497187060478199,2844.0,0.9452177817691961,0.9380570409982175,0.9524886877828054,2210.0,0.9063604240282687,0.911190053285968,0.9015817223198594,1707.0,0.9402736069402736,0.9393333333333334,0.9412157648630595,1497.0,0.9163346613545816,0.9226841721371262,0.9100719424460432,1390.0,0.9204840103716508,0.9196891191709845,0.921280276816609,1156.0,0.9276633055677335,0.9288849868305531,0.9264448336252189,1142.0,0.8944723618090452,0.9044715447154471,0.8846918489065606,1006.0,0.9133942980096825,0.9218241042345277,0.9051172707889126,938.0
11,0.037205617874860764,0.9897556900978088,0.3293450176715851,0.9290318489074707,0.9236605666679856,0.9253448480966642,0.0003000000142492354,0.30619274999980917,69502.0,226987.7389325623,0.9364448857994041,0.9336633663366337,0.9392430278884463,1004.0,0.9440583738707435,0.9330357142857143,0.9553445850914205,2844.0,0.9467535385306672,0.9402052655064703,0.9533936651583711,2210.0,0.9081209247184351,0.9190161967606478,0.8974809607498535,1707.0,0.9409409409409409,0.94,0.9418837675350702,1497.0,0.9160636758321273,0.9213973799126638,0.9107913669064748,1390.0,0.9243550502842152,0.9345711759504863,0.9143598615916955,1156.0,0.9280070237050044,0.9304577464788732,0.925569176882662,1142.0,0.8970661362506216,0.8975124378109453,0.8966202783300199,1006.0,0.9116379310344828,0.9215686274509803,0.9019189765458422,938.0
12,0.035891372710466385,0.9901009798049927,0.33292779326438904,0.9286289811134338,0.9233414609492125,0.9251494034966633,0.0003000000142492354,0.3071204170000783,69502.0,226302.11523834406,0.9382470119521913,0.9382470119521913,0.9382470119521913,1004.0,0.9429763560500695,0.9325997248968363,0.9535864978902954,2844.0,0.9460188933873144,0.9405187835420393,0.9515837104072398,2210.0,0.9072711215778628,0.9118343195266272,0.9027533684827183,1707.0,0.9411764705882353,0.9418060200668896,0.9405477621910487,1497.0,0.9152787834902246,0.9212827988338192,0.9093525179856116,1390.0,0.9231437255753365,0.9267654751525719,0.9195501730103807,1156.0,0.9286343612334802,0.9343971631205674,0.9229422066549913,1142.0,0.8962406015037595,0.9039433771486349,0.8886679920477137,1006.0,0.9125067096081588,0.918918918918919,0.906183368869936,938.0
13,0.03470664098858833,0.9905470609664917,0.3367365002632141,0.9279575943946838,0.9231028569349397,0.9243796588118155,0.0003000000142492354,0.307513167000252,69502.0,226013.08645734523,0.9358528095474887,0.9344587884806356,0.9372509960159362,1004.0,0.9423882681564246,0.9358529819694869,0.94901547116737,2844.0,0.9462075174431691,0.9413345275414241,0.951131221719457,2210.0,0.9058823529411765,0.9096278795038394,0.9021675454012889,1707.0,0.9407456724367509,0.9376244193762442,0.9438877755511023,1497.0,0.9161524500907441,0.9245421245421246,0.9079136690647482,1390.0,0.9211438474870018,0.9227430555555556,0.9195501730103807,1156.0,0.9269146608315098,0.926509186351706,0.9273204903677759,1142.0,0.896586345381526,0.9056795131845842,0.8876739562624254,1006.0,0.9119226638023631,0.9188311688311688,0.9051172707889126,938.0
14,0.033600468188524246,0.9908204078674316,0.34123119711875916,0.9276890158653259,0.9225362318169481,0.9241565190365236,0.0003000000142492354,0.30555779100041036,69502.0,227459.42681561885,0.9357889497262319,0.9353233830845771,0.9362549800796812,1004.0,0.9423244467677296,0.9340241796200346,0.9507735583684951,2844.0,0.9461832920513398,0.9417301658449126,0.9506787330316742,2210.0,0.9042459736456808,0.9039812646370023,0.9045108377270065,1707.0,0.9420435510887772,0.9448924731182796,0.9392117568470274,1497.0,0.9143686502177067,0.9224011713030746,0.9064748201438849,1390.0,0.9207449112169771,0.9219427580225499,0.9195501730103807,1156.0,0.9261040664626148,0.9248908296943231,0.9273204903677759,1142.0,0.8971399899648771,0.9057750759878419,0.8886679920477137,1006.0,0.912621359223301,0.9235807860262009,0.9019189765458422,938.0
15,0.0326993428170681,0.9908347725868225,0.3465464115142822,0.9276218414306641,0.9222182763562277,0.9241207000421834,0.0003000000142492354,0.3096859590000349,69502.0,224427.35287198526,0.9371543489190547,0.9461928934010152,0.9282868525896414,1004.0,0.9417695115591865,0.9312478514953593,0.9525316455696202,2844.0,0.9461832920513398,0.9417301658449126,0.9506787330316742,2210.0,0.9044398706262865,0.9079102715466352,0.90099589923843,1707.0,0.9415302372201805,0.9418449197860963,0.9412157648630595,1497.0,0.9163027656477438,0.927098674521355,0.9057553956834532,1390.0,0.9156010230179028,0.9025210084033614,0.9290657439446367,1156.0,0.9287598944591029,0.9328621908127208,0.9246935201401051,1142.0,0.8968655207280081,0.9125514403292181,0.8817097415506958,1006.0,0.9126005361930295,0.918015102481122,0.9072494669509595,938.0
16,0.03181689977645874,0.9912376403808594,0.3488346338272095,0.9284946918487549,0.9232553856781893,0.9250448224065764,0.0003000000142492354,0.3049881249999089,69502.0,227884.28237991483,0.9367214748380669,0.9371884346959123,0.9362549800796812,1004.0,0.94168691426588,0.9297464016449623,0.9539381153305204,2844.0,0.9470839900923215,0.942626624831914,0.9515837104072398,2210.0,0.9056159952955013,0.9090909090909091,0.9021675454012889,1707.0,0.9427519250083696,0.9449664429530201,0.9405477621910487,1497.0,0.916696980720262,0.9271523178807947,0.9064748201438849,1390.0,0.9208819714656291,0.9204840103716508,0.921280276816609,1156.0,0.9313855688357682,0.9418084153983886,0.9211908931698775,1142.0,0.8966900702106319,0.9048582995951417,0.8886679920477137,1006.0,0.9109333333333333,0.9114194236926361,0.9104477611940298,938.0
17,0.031003393232822418,0.9914822578430176,0.3527338206768036,0.928226113319397,0.9230359961696148,0.9248565499532779,0.0003000000142492354,0.2890658749997783,69502.0,240436.54409242634,0.9371884346959123,0.93812375249501,0.9362549800796812,1004.0,0.9414218668520771,0.930904090752836,0.9521800281293952,2844.0,0.9474870407933288,0.9438706780422093,0.951131221719457,2210.0,0.9027533684827183,0.9027533684827183,0.9027533684827183,1707.0,0.9432955303535691,0.9420386409060626,0.9445557782231129,1497.0,0.9163636363636365,0.9264705882352942,0.9064748201438849,1390.0,0.923278116826504,0.9305799648506151,0.9160899653979239,1156.0,0.9278169014084507,0.9327433628318584,0.9229422066549913,1142.0,0.8972431077694235,0.9049544994944388,0.889662027833002,1006.0,0.911717495987159,0.9151450053705693,0.908315565031983,938.0
18,0.030212948098778725,0.9915398359298706,0.35802245140075684,0.9283604025840759,0.9228109255393167,0.9249532354774335,0.0003000000142492354,0.308664208999744,69502.0,225170.25937418497,0.9369727047146402,0.933728981206726,0.9402390438247012,1004.0,0.9411357340720222,0.927012278308322,0.9556962025316456,2844.0,0.9478672985781991,0.9455200360198109,0.9502262443438914,2210.0,0.9059929494712103,0.9086623453152622,0.9033391915641477,1707.0,0.9417670682730924,0.9436619718309859,0.9398797595190381,1497.0,0.91500904159132,0.92,0.9100719424460432,1390.0,0.9217315260166156,0.9319186560565871,0.9117647058823529,1156.0,0.9285083848190645,0.9359430604982206,0.9211908931698775,1142.0,0.8996990972918757,0.9078947368421053,0.8916500994035785,1006.0,0.9108485499462942,0.9177489177489178,0.9040511727078892,938.0
19,0.02941577322781086,0.991784393787384,0.3588739037513733,0.927756130695343,0.9225635839590005,0.9242036994524134,0.0003000000142492354,0.30986258399980215,69502.0,224299.4268712494,0.9361277445109781,0.938,0.9342629482071713,1004.0,0.9409517193469955,0.9296499656829101,0.9525316455696202,2844.0,0.947606142728094,0.9458972046889089,0.9493212669683257,2210.0,0.9042865531415151,0.9064155385520895,0.9021675454012889,1707.0,0.9421211107393777,0.9436997319034852,0.9405477621910487,1497.0,0.9166062364031907,0.9239766081871345,0.9093525179856116,1390.0,0.9198787353832828,0.9210754553339116,0.9186851211072664,1156.0,0.9283516483516484,0.9320388349514563,0.9246935201401051,1142.0,0.8967254408060453,0.9090909090909091,0.8846918489065606,1006.0,0.9093816631130063,0.9093816631130064,0.9093816631130064,938.0
20,0.028697194531559944,0.9920002222061157,0.36256465315818787,0.927219033241272,0.9221631641858179,0.9236200003007061,0.0003000000142492354,0.2927048330002435,69502.0,237447.39465898118,0.936063936063936,0.938877755511022,0.9332669322709163,1004.0,0.9403789327307492,0.9298728085252664,0.9511251758087201,2844.0,0.9476534296028881,0.9450945094509451,0.9502262443438914,2210.0,0.9043427230046949,0.9059376837154615,0.9027533684827183,1707.0,0.9415322580645161,0.947261663286004,0.935871743486974,1497.0,0.9158200290275762,0.9238653001464129,0.9079136690647482,1390.0,0.9188955996548749,0.9165232358003442,0.921280276816609,1156.0,0.9269366197183099,0.9318584070796461,0.9220665499124343,1142.0,0.8955823293172691,0.9046653144016227,0.8866799204771372,1006.0,0.9089941458222458,0.9075451647183846,0.9104477611940298,938.0
21,0.028075512498617172,0.9922592043876648,0.3654794692993164,0.9274875521659851,0.9221894430364163,0.9239025029131727,0.0003000000142492354,0.2933428749997802,69502.0,236930.92937761682,0.9365951073389914,0.938938938938939,0.9342629482071713,1004.0,0.9408294291167795,0.9287427201096266,0.9532348804500703,2844.0,0.9475587703435805,0.9467028003613369,0.9484162895927601,2210.0,0.9039083161915956,0.9068396226415094,0.90099589923843,1707.0,0.9412157648630595,0.9412157648630595,0.9412157648630595,1497.0,0.9168180167090446,0.925898752751284,0.9079136690647482,1390.0,0.9188955996548749,0.9165232358003442,0.921280276816609,1156.0,0.9279437609841827,0.9312169312169312,0.9246935201401051,1142.0,0.8961693548387097,0.908997955010225,0.8836978131212724,1006.0,0.9090909090909091,0.9120171673819742,0.906183368869936,938.0
22,0.027517644688487053,0.9924030900001526,0.3697086572647095,0.927219033241272,0.9215482377201605,0.9237713927303816,0.0003000000142492354,0.3068549169997823,69502.0,226497.91855885208,0.936063936063936,0.938877755511022,0.9332669322709163,1004.0,0.9400346620450607,0.9268626110731374,0.9535864978902954,2844.0,0.9465855307640296,0.9429726088908846,0.9502262443438914,2210.0,0.9043427230046949,0.9059376837154615,0.9027533684827183,1707.0,0.939799331103679,0.9410582719356999,0.9385437541750167,1497.0,0.9174245180065478,0.927888153053716,0.9071942446043165,1390.0,0.9196891191709844,0.9181034482758621,0.921280276816609,1156.0,0.9274087109546854,0.9319186560565871,0.9229422066549913,1142.0,0.8956127080181543,0.9089048106448311,0.882703777335984,1006.0,0.910752688172043,0.9186550976138829,0.9029850746268657,938.0
23,0.02680959738790989,0.9925326108932495,0.37148579955101013,0.9271518588066101,0.9222154115333385,0.9236413730407435,0.0003000000142492354,0.2880037499999162,69502.0,241323.24665918492,0.9357249626307922,0.9361914257228315,0.9352589641434262,1004.0,0.9406440382941689,0.9314029644950017,0.950070323488045,2844.0,0.9470588235294117,0.9470588235294117,0.9470588235294117,2210.0,0.9033957845433255,0.9028671737858397,0.9039250146455771,1707.0,0.9414911400869274,0.9424364123159303,0.9405477621910487,1497.0,0.9140794223826714,0.9173913043478261,0.9107913669064748,1390.0,0.9196699956578376,0.923278116826504,0.9160899653979239,1156.0,0.9281332164767748,0.9289473684210526,0.9273204903677759,1142.0,0.8973191704602934,0.913491246138002,0.8817097415506958,1006.0,0.9088971763452317,0.9084132055378061,0.9093816631130064,938.0
24,0.026171423494815826,0.9928059577941895,0.37555569410324097,0.9268832802772522,0.921391165931699,0.9233319317821239,0.0003000000142492354,0.30644691599991347,69502.0,226799.47609595009,0.936318407960199,0.9353876739562624,0.9372509960159362,1004.0,0.9399514057618883,0.9280328992460589,0.9521800281293952,2844.0,0.9478672985781991,0.9455200360198109,0.9502262443438914,2210.0,0.9027533684827183,0.9027533684827183,0.9027533684827183,1707.0,0.9393634840871021,0.9422043010752689,0.9365397461589846,1497.0,0.9168180167090446,0.925898752751284,0.9079136690647482,1390.0,0.918103448275862,0.9149484536082474,0.921280276816609,1156.0,0.9273447820343461,0.9326837909654562,0.9220665499124343,1142.0,0.8940464177598385,0.9077868852459017,0.8807157057654076,1006.0,0.910752688172043,0.9186550976138829,0.9029850746268657,938.0
25,0.02569541707634926,0.9930649399757385,0.3786967396736145,0.9273533225059509,0.9229267390689986,0.9236661247139271,0.0003000000142492354,0.296170458999768,69502.0,234668.91409333446,0.9353876739562624,0.933531746031746,0.9372509960159362,1004.0,0.9410942142981996,0.9356969064998262,0.9465541490857946,2844.0,0.9484862178038861,0.947202166064982,0.9497737556561086,2210.0,0.9030178728391446,0.9032825322391559,0.9027533684827183,1707.0,0.9413724183877415,0.9388704318936877,0.9438877755511023,1497.0,0.916696980720262,0.9271523178807947,0.9064748201438849,1390.0,0.9192708333333334,0.9224738675958188,0.9160899653979239,1156.0,0.9272567922874672,0.9280701754385965,0.9264448336252189,1142.0,0.8942115768463074,0.8977955911823647,0.8906560636182903,1006.0,0.9098666666666667,0.9103521878335112,0.9093816631130064,938.0
26,0.025154385715723038,0.9932376146316528,0.3810044825077057,0.9269504547119141,0.9216548788765021,0.9233459764149974,0.0003000000142492354,0.2900128749997748,69502.0,239651.42926862807,0.9357249626307922,0.9361914257228315,0.9352589641434262,1004.0,0.9415245388096066,0.9321157822191593,0.9511251758087201,2844.0,0.9462996389891697,0.9437443744374437,0.948868778280543,2210.0,0.903225806451613,0.904286553141515,0.9021675454012889,1707.0,0.9406270847231488,0.9393737508327782,0.9418837675350702,1497.0,0.9126353790613718,0.9159420289855073,0.9093525179856116,1390.0,0.9208135006490697,0.9212121212121213,0.9204152249134948,1156.0,0.9271523178807947,0.9349955476402493,0.9194395796847635,1142.0,0.8966565349544073,0.9142561983471075,0.8797216699801192,1006.0,0.9087999999999999,0.9092849519743863,0.908315565031983,938.0
27,0.02471441775560379,0.9934965968132019,0.3841570317745209,0.9271518588066101,0.9221062097466124,0.9234107716008483,0.0003000000142492354,0.3087590000000091,69502.0,225101.13065529408,0.9342629482071713,0.9342629482071713,0.9342629482071713,1004.0,0.9409921671018276,0.9317476732161324,0.95042194092827,2844.0,0.9480578139114724,0.9463480613165014,0.9497737556561086,2210.0,0.903112155020552,0.9052383755150089,0.90099589923843,1707.0,0.9409409409409409,0.94,0.9418837675350702,1497.0,0.9167575427117411,0.9265246142542248,0.9071942446043165,1390.0,0.9196197061365602,0.918825561312608,0.9204152249134948,1156.0,0.9268722466960353,0.9326241134751773,0.9211908931698775,1142.0,0.8947895791583167,0.902020202020202,0.8876739562624254,1006.0,0.9087026161238655,0.9101604278074866,0.9072494669509595,938.0
28,0.02408471517264843,0.9934965968132019,0.38834118843078613,0.927420437335968,0.9215670870464996,0.9237736276598338,0.0003000000142492354,0.3053628339998795,69502.0,227604.64687076956,0.9351944167497508,0.936127744510978,0.9342629482071713,1004.0,0.9411764705882353,0.9290853031860226,0.9535864978902954,2844.0,0.9461158509205209,0.9389483065953654,0.9533936651583711,2210.0,0.9057714958775029,0.9105979869745412,0.90099589923843,1707.0,0.9405080213903744,0.9411371237458194,0.9398797595190381,1497.0,0.9167575427117411,0.9265246142542248,0.9071942446043165,1390.0,0.9199480744266552,0.9203463203463204,0.9195501730103807,1156.0,0.9280988089986767,0.9351111111111111,0.9211908931698775,1142.0,0.8930185836263185,0.9025380710659898,0.8836978131212724,1006.0,0.9111470113085621,0.9205658324265505,0.9019189765458422,938.0
29,0.023524237796664238,0.9936692714691162,0.391491562128067,0.9272861480712891,0.9215420311416305,0.9237943552799036,0.0003000000142492354,0.313440417000038,69502.0,221739.1128598185,0.9365317341329336,0.9398194583751254,0.9332669322709163,1004.0,0.9412786657400973,0.9302884615384616,0.9525316455696202,2844.0,0.9478908188585609,0.945119208277103,0.9506787330316742,2210.0,0.9015151515151515,0.8968115942028986,0.9062683069712947,1707.0,0.9393333333333334,0.9374584165003327,0.9412157648630595,1497.0,0.9164538489602335,0.9296817172464841,0.9035971223021583,1390.0,0.9196197061365602,0.918825561312608,0.9204152249134948,1156.0,0.9266578831796223,0.9295154185022027,0.9238178633975481,1142.0,0.8950554994954592,0.9088114754098361,0.8817097415506958,1006.0,0.9136069114470843,0.925601750547046,0.9019189765458422,938.0
30,0.02308657020330429,0.993813157081604,0.39608749747276306,0.9273533225059509,0.9217298197290692,0.9237653088873158,0.0003000000142492354,0.28804904099979467,69502.0,241285.30252614012,0.936318407960199,0.9353876739562624,0.9372509960159362,1004.0,0.9409114538208284,0.9275708916979842,0.9546413502109705,2844.0,0.9474633596392333,0.9442696629213483,0.9506787330316742,2210.0,0.9042865531415151,0.9064155385520895,0.9021675454012889,1707.0,0.9400335008375209,0.9428763440860215,0.9372077488309953,1497.0,0.916030534351145,0.925789860396767,0.9064748201438849,1390.0,0.9209383145091224,0.924956369982548,0.916955017301038,1156.0,0.9256489221293445,0.9301503094606542,0.9211908931698775,1142.0,0.8946840521564694,0.902834008097166,0.8866799204771372,1006.0,0.9113379903277808,0.9187432286023836,0.9040511727078892,938.0
31,0.022635646164417267,0.993956983089447,0.39690664410591125,0.9272861480712891,0.9222667776771971,0.9235268725994243,0.0003000000142492354,0.30767995799988057,69502.0,225890.56645680827,0.9355966050923614,0.9379379379379379,0.9332669322709163,1004.0,0.942243936485779,0.9352268791132664,0.9493670886075949,2844.0,0.9477006311992787,0.9442946990116802,0.951131221719457,2210.0,0.9039083161915956,0.9068396226415094,0.90099589923843,1707.0,0.94,0.93812375249501,0.9418837675350702,1497.0,0.9150326797385621,0.9237536656891495,0.9064748201438849,1390.0,0.918103448275862,0.9149484536082474,0.921280276816609,1156.0,0.9248908296943231,0.9224738675958188,0.9273204903677759,1142.0,0.8961693548387097,0.908997955010225,0.8836978131212724,1006.0,0.9116229244777719,0.9160387513455328,0.9072494669509595,938.0
32,0.022189395502209663,0.9941872358322144,0.3992020785808563,0.9265475869178772,0.921132595708676,0.9230004316210622,0.0003000000142492354,0.30479966700022487,69502.0,228025.18350503553,0.9351944167497508,0.936127744510978,0.9342629482071713,1004.0,0.9403166869671131,0.9307612814330003,0.950070323488045,2844.0,0.9478908188585609,0.945119208277103,0.9506787330316742,2210.0,0.9012273524254821,0.8991253644314868,0.9033391915641477,1707.0,0.9400335008375209,0.9428763440860215,0.9372077488309953,1497.0,0.9134371604491125,0.9197665937272064,0.9071942446043165,1390.0,0.9192224622030237,0.9180327868852459,0.9204152249134948,1156.0,0.925229558373415,0.9240174672489083,0.9264448336252189,1142.0,0.8947368421052632,0.911340206185567,0.878727634194831,1006.0,0.9127155172413792,0.9226579520697168,0.9029850746268657,938.0
33,0.02159709669649601,0.9942591786384583,0.40305474400520325,0.9270175695419312,0.921536961399205,0.9232940562520326,0.0003000000142492354,0.3064597499997035,69502.0,226789.97812948437,0.93545183714002,0.9326732673267327,0.9382470119521913,1004.0,0.9414422241529105,0.9306080384747509,0.9525316455696202,2844.0,0.9469645678176484,0.9446195407474111,0.9493212669683257,2210.0,0.9049161024433324,0.9094674556213018,0.9004100761570006,1707.0,0.9392928619079386,0.9380413057961359,0.9405477621910487,1497.0,0.9135623869801085,0.9185454545454546,0.9086330935251798,1390.0,0.9194805194805195,0.9202772963604853,0.9186851211072664,1156.0,0.9263803680981595,0.9271929824561403,0.925569176882662,1142.0,0.8960645812310797,0.9098360655737705,0.882703777335984,1006.0,0.9093851132686085,0.9203056768558951,0.8987206823027718,938.0
34,0.021119168028235435,0.9944605827331543,0.40746206045150757,0.9269504547119141,0.9211942829091624,0.9232997566447054,0.0003000000142492354,0.3042598749998433,69502.0,228429.72639765855,0.9364046069103655,0.9415911379657603,0.9312749003984063,1004.0,0.9412990621743661,0.9299931365820179,0.9528832630098453,2844.0,0.9462559028558579,0.9405453732677693,0.9520361990950226,2210.0,0.9047058823529412,0.9084465445953928,0.90099589923843,1707.0,0.9395255596391581,0.9398395721925134,0.9392117568470274,1497.0,0.9144307469180567,0.9217836257309941,0.9071942446043165,1390.0,0.9206073752711497,0.9234116623150566,0.9178200692041523,1156.0,0.924288840262582,0.9238845144356955,0.9246935201401051,1142.0,0.8940464177598385,0.9077868852459017,0.8807157057654076,1006.0,0.9114331723027376,0.9178378378378378,0.9051172707889126,938.0
35,0.020685918629169464,0.9944893717765808,0.4103778302669525,0.9268832802772522,0.9212073249824856,0.9233548474500355,0.0003000000142492354,0.3098227919999772,69502.0,224328.23470264612,0.9353876739562624,0.933531746031746,0.9372509960159362,1004.0,0.940422583997229,0.9266211604095563,0.9546413502109705,2844.0,0.9463480613165013,0.9429469901168014,0.9497737556561086,2210.0,0.9049161024433324,0.9094674556213018,0.9004100761570006,1707.0,0.9393634840871021,0.9422043010752689,0.9365397461589846,1497.0,0.9134998190372784,0.9191551347414421,0.9079136690647482,1390.0,0.9204152249134949,0.9204152249134948,0.9204152249134948,1156.0,0.9259259259259259,0.9325044404973357,0.9194395796847635,1142.0,0.8965169106511862,0.9107692307692308,0.882703777335984,1006.0,0.910752688172043,0.9186550976138829,0.9029850746268657,938.0
36,0.020321723073720932,0.9945613145828247,0.4138888418674469,0.9268161654472351,0.9212800902373356,0.9231254664704013,0.0003000000142492354,0.29671604099985416,69502.0,234237.42028168327,0.9364046069103655,0.9415911379657603,0.9312749003984063,1004.0,0.9409927108642833,0.929061000685401,0.9532348804500703,2844.0,0.9477730047479087,0.94713059195662,0.9484162895927601,2210.0,0.9041898622912393,0.9044548651817116,0.9039250146455771,1707.0,0.9381063900970223,0.9396782841823056,0.9365397461589846,1497.0,0.914885910901847,0.9212253829321663,0.9086330935251798,1390.0,0.9190826482042406,0.9194805194805195,0.9186851211072664,1156.0,0.9240895129442738,0.9261213720316622,0.9220665499124343,1142.0,0.895959595959596,0.9106776180698152,0.8817097415506958,1006.0,0.9097704217832355,0.9112299465240642,0.908315565031983,938.0
37,0.01985801011323929,0.9947483539581299,0.41600313782691956,0.9268832802772522,0.9212273660829495,0.9230633719260494,0.0003000000142492354,0.298594249999951,69502.0,232764.02676880552,0.9346633416458853,0.936063936063936,0.9332669322709163,1004.0,0.9412990621743661,0.9299931365820179,0.9528832630098453,2844.0,0.9472735466426317,0.9434470377019749,0.951131221719457,2210.0,0.9051266941661755,0.9104919976289271,0.8998242530755711,1707.0,0.9395255596391581,0.9398395721925134,0.9392117568470274,1497.0,0.9143476689555476,0.9186637618010167,0.9100719424460432,1390.0,0.9186147186147187,0.9194107452339688,0.9178200692041523,1156.0,0.9255834434169968,0.9309123117803366,0.9203152364273205,1142.0,0.894816305988928,0.9062181447502549,0.8836978131212724,1006.0,0.9093833780160858,0.9147788565264293,0.9040511727078892,938.0
38,0.019425785169005394,0.9949497580528259,0.420889288187027,0.9268832802772522,0.9209007367319147,0.923442536296734,0.0003000000142492354,0.31068062500025917,69502.0,223708.83282451882,0.9369369369369369,0.9416498993963782,0.9322709163346613,1004.0,0.9407279029462738,0.9275461380724539,0.9542897327707455,2844.0,0.9466095967560261,0.9425751458052939,0.9506787330316742,2210.0,0.9018691588785046,0.8992428654630169,0.9045108377270065,1707.0,0.9395659432387312,0.9392523364485982,0.9398797595190381,1497.0,0.9152419061476901,0.9256806475349522,0.9050359712230216,1390.0,0.9204001739886907,0.9256342957130359,0.9152249134948097,1156.0,0.9255178492728073,0.9316770186335404,0.9194395796847635,1142.0,0.8958228485153498,0.9072375127420998,0.8846918489065606,1006.0,0.9117330462863293,0.9206521739130434,0.9029850746268657,938.0
39,0.019097255542874336,0.9949641823768616,0.4223606586456299,0.9264132976531982,0.9207818859559292,0.9226724268444073,0.0003000000142492354,0.3129775420002261,69502.0,222067.05169903146,0.9343936381709742,0.9325396825396826,0.9362549800796812,1004.0,0.9405442884382043,0.9275213675213675,0.9539381153305204,2844.0,0.9466095967560261,0.9425751458052939,0.9506787330316742,2210.0,0.9041580654674137,0.9103325415676959,0.8980667838312829,1707.0,0.9395567494963062,0.9446320054017556,0.9345357381429525,1497.0,0.9140173410404624,0.9179970972423802,0.9100719424460432,1390.0,0.9184735472679965,0.9208695652173913,0.9160899653979239,1156.0,0.9247027741083224,0.9300265721877768,0.9194395796847635,1142.0,0.8953722334004024,0.9063136456211812,0.8846918489065606,1006.0,0.9088960342979636,0.9137931034482759,0.9040511727078892,938.0
40,0.018598375841975212,0.9952806830406189,0.42769855260849,0.9266818761825562,0.9207357927541588,0.9229730675241934,0.0003000000142492354,0.30282608399966193,69502.0,229511.27287990684,0.9345981028457314,0.9369369369369369,0.9322709163346613,1004.0,0.9397506925207756,0.9256480218281037,0.9542897327707455,2844.0,0.9475343391128125,0.9430748543254146,0.9520361990950226,2210.0,0.905393457117595,0.9110320284697508,0.8998242530755711,1707.0,0.9397590361445783,0.9416498993963782,0.9378757515030061,1497.0,0.9155491119971004,0.9225712198685172,0.9086330935251798,1390.0,0.9178200692041523,0.9178200692041523,0.9178200692041523,1156.0,0.9252543122512162,0.934763181411975,0.9159369527145359,1142.0,0.8923385077616425,0.8990918264379415,0.885685884691849,1006.0,0.9117330462863293,0.9206521739130434,0.9029850746268657,938.0
41,0.01821325719356537,0.9955540895462036,0.4286552965641022,0.9269504547119141,0.9211555567065901,0.9231538202610399,0.0003000000142492354,0.29012404100012645,69502.0,239559.6027147909,0.9354031046569854,0.9405840886203424,0.9302788844621513,1004.0,0.9418503731990975,0.9300651354130957,0.9539381153305204,2844.0,0.9473921878527883,0.9454709328526363,0.9493212669683257,2210.0,0.9044960329121363,0.9074292452830188,0.9015817223198594,1707.0,0.9383538820393202,0.9361702127659575,0.9405477621910487,1497.0,0.9155491119971004,0.9225712198685172,0.9086330935251798,1390.0,0.9178200692041523,0.9178200692041523,0.9178200692041523,1156.0,0.9246275197195443,0.9254385964912281,0.9238178633975481,1142.0,0.8939165409753645,0.9043743641912513,0.8836978131212724,1006.0,0.9121293800539082,0.9225736095965104,0.9019189765458422,938.0
42,0.01767992414534092,0.995597243309021,0.43158385157585144,0.9268161654472351,0.9213635980004244,0.9230974350049082,0.0003000000142492354,0.30975491699973645,69502.0,224377.3905938001,0.9343936381709742,0.9325396825396826,0.9362549800796812,1004.0,0.9406853365802749,0.9308089500860586,0.9507735583684951,2844.0,0.9496826835902084,0.9514078110808356,0.9479638009049773,2210.0,0.9016870273414775,0.8954361640670133,0.9080257762155829,1707.0,0.9396062729396063,0.9386666666666666,0.9405477621910487,1497.0,0.9146782357194505,0.9193313953488372,0.9100719424460432,1390.0,0.9194601654331738,0.9255039439088519,0.9134948096885813,1156.0,0.9245699161887959,0.9315555555555556,0.9176882661996497,1142.0,0.8952668680765357,0.9071428571428571,0.8836978131212724,1006.0,0.9109442060085836,0.9168466522678186,0.9051172707889126,938.0
43,0.017176564782857895,0.995597243309021,0.4361047148704529,0.9264132976531982,0.9208656007637777,0.9225359771079866,0.0003000000142492354,0.28709687499986103,69502.0,242085.53297570252,0.9354677338669333,0.9396984924623115,0.9312749003984063,1004.0,0.9408499566348656,0.9284491612461486,0.9535864978902954,2844.0,0.9475587703435805,0.9467028003613369,0.9484162895927601,2210.0,0.9056492162082225,0.9145758661887694,0.8968951376684241,1707.0,0.9382716049382717,0.9373333333333334,0.9392117568470274,1497.0,0.914885910901847,0.9212253829321663,0.9086330935251798,1390.0,0.9151958674128282,0.9108826049700086,0.9195501730103807,1156.0,0.9234805421950153,0.9222707423580786,0.9246935201401051,1142.0,0.891662506240639,0.8956870611835507,0.8876739562624254,1006.0,0.9123376623376623,0.9263736263736264,0.8987206823027718,938.0
44,0.01700543239712715,0.9957987070083618,0.43815964460372925,0.9266818761825562,0.9209412159854502,0.9230821036268351,0.0003000000142492354,0.31138783300002615,69502.0,223200.75685164667,0.936063936063936,0.938877755511022,0.9332669322709163,1004.0,0.9403010901540059,0.9257240204429301,0.9553445850914205,2844.0,0.9475113122171945,0.9475113122171945,0.9475113122171945,2210.0,0.9044398706262865,0.9079102715466352,0.90099589923843,1707.0,0.9390488948425988,0.941571524513096,0.9365397461589846,1497.0,0.9127613554434031,0.9147398843930635,0.9107913669064748,1390.0,0.9186147186147187,0.9194107452339688,0.9178200692041523,1156.0,0.9251760563380282,0.9300884955752212,0.9203152364273205,1142.0,0.895959595959596,0.9106776180698152,0.8817097415506958,1006.0,0.9109442060085836,0.9168466522678186,0.9051172707889126,938.0
45,0.016367319971323013,0.9959425330162048,0.4429466128349304,0.9264804720878601,0.9203437180567942,0.9229547876538199,0.0003000000142492354,0.30592550000028496,69502.0,227186.03058566633,0.936063936063936,0.938877755511022,0.9332669322709163,1004.0,0.9401768683891103,0.9274717755730414,0.9532348804500703,2844.0,0.9457155675190669,0.9377224199288257,0.9538461538461539,2210.0,0.9038686987104337,0.9043988269794722,0.9033391915641477,1707.0,0.9391304347826086,0.9403884795713329,0.9378757515030061,1497.0,0.9142648668369208,0.927461139896373,0.9014388489208633,1390.0,0.9186147186147187,0.9194107452339688,0.9178200692041523,1156.0,0.9264641127256716,0.9317980513728964,0.9211908931698775,1142.0,0.8929110105580693,0.9033570701932858,0.882703777335984,1006.0,0.9123376623376623,0.9263736263736264,0.8987206823027718,938.0
46,0.016094274818897247,0.9959425330162048,0.4478338360786438,0.9266818761825562,0.9208568579611178,0.9229847252932462,0.0003000000142492354,0.31250041700013753,69502.0,222406.103221198,0.9352589641434262,0.9352589641434262,0.9352589641434262,1004.0,0.9397298233460338,0.9259385665529011,0.9539381153305204,2844.0,0.9481046931407942,0.9455445544554455,0.9506787330316742,2210.0,0.9041176470588236,0.9078558771411696,0.9004100761570006,1707.0,0.9386257505003336,0.9373750832778148,0.9398797595190381,1497.0,0.9170909090909091,0.9272058823529412,0.9071942446043165,1390.0,0.9199303742384682,0.925569176882662,0.9143598615916955,1156.0,0.9253863134657837,0.9332146037399822,0.9176882661996497,1142.0,0.8905398712233779,0.8874629812438302,0.8936381709741551,1006.0,0.911062906724512,0.9271523178807947,0.8955223880597015,938.0
47,0.015751508995890617,0.995928168296814,0.44927772879600525,0.9257419109344482,0.9200751827172112,0.9221302556413484,0.0003000000142492354,0.29014004100008606,69502.0,239546.3920127432,0.9346633416458853,0.936063936063936,0.9332669322709163,1004.0,0.9405612689559004,0.9325959211890771,0.9486638537271449,2844.0,0.9468468468468467,0.9426008968609866,0.951131221719457,2210.0,0.8997384481255449,0.8927335640138409,0.9068541300527241,1707.0,0.9379586390927285,0.9367088607594937,0.9392117568470274,1497.0,0.9134545454545454,0.9235294117647059,0.9035971223021583,1390.0,0.9181184668989547,0.9245614035087719,0.9117647058823529,1156.0,0.924288840262582,0.9238845144356955,0.9246935201401051,1142.0,0.8931451612903226,0.9059304703476483,0.8807157057654076,1006.0,0.9125269978401728,0.9245076586433261,0.9008528784648188,938.0
48,0.015243897214531898,0.9962303042411804,0.4497503936290741,0.9259433150291443,0.9204983909394416,0.9221792317964068,0.0003000000142492354,0.28367054199998165,69502.0,245009.57875282128,0.933002481389578,0.9297725024727992,0.9362549800796812,1004.0,0.9398888116747741,0.9289148351648352,0.9511251758087201,2844.0,0.9475113122171945,0.9475113122171945,0.9475113122171945,2210.0,0.9042459736456808,0.9039812646370023,0.9045108377270065,1707.0,0.9374791039786025,0.9384203480589023,0.9365397461589846,1497.0,0.9126353790613718,0.9159420289855073,0.9093525179856116,1390.0,0.9178617992177315,0.9222707423580786,0.9134948096885813,1156.0,0.9251101321585903,0.9308510638297872,0.9194395796847635,1142.0,0.8951612903225806,0.9079754601226994,0.882703777335984,1006.0,0.9088960342979636,0.9137931034482759,0.9040511727078892,938.0
49,0.014876686967909336,0.9963022470474243,0.4538390636444092,0.9260104894638062,0.9201622957323169,0.9222736410992386,0.0003000000142492354,0.28939691599998696,69502.0,240161.50883931026,0.9337979094076655,0.9333333333333333,0.9342629482071713,1004.0,0.9402570336922543,0.9289636238846946,0.9518284106891702,2844.0,0.946988495375592,0.9442195231668916,0.9497737556561086,2210.0,0.9035473468191145,0.9043427230046949,0.9027533684827183,1707.0,0.9378757515030061,0.9378757515030061,0.9378757515030061,1497.0,0.9122426868905741,0.9158810732414794,0.9086330935251798,1390.0,0.9185441941074522,0.9201388888888888,0.916955017301038,1156.0,0.9241560718982902,0.9253731343283582,0.9229422066549913,1142.0,0.896236012207528,0.9177083333333333,0.8757455268389662,1006.0,0.9090909090909092,0.9174809989142236,0.9008528784648188,938.0
50,0.01452614739537239,0.996518075466156,0.4569942355155945,0.9261447787284851,0.920561555224167,0.9224387462367689,0.0003000000142492354,0.290568291999989,69502.0,239193.33909978942,0.9355966050923614,0.9379379379379379,0.9332669322709163,1004.0,0.9397046046915726,0.9288904156647201,0.9507735583684951,2844.0,0.9479873360470376,0.9475587703435805,0.9484162895927601,2210.0,0.9034140647796907,0.9,0.9068541300527241,1707.0,0.9377926421404682,0.9390488948425988,0.9365397461589846,1497.0,0.9131693198263385,0.9184861717612809,0.9079136690647482,1390.0,0.9198787353832828,0.9210754553339116,0.9186851211072664,1156.0,0.924769027716674,0.9292661361626879,0.9203152364273205,1142.0,0.8959918822932521,0.9150259067357513,0.8777335984095428,1006.0,0.9060832443970117,0.907051282051282,0.9051172707889126,938.0
51,0.01406149286776781,0.9966619610786438,0.46254193782806396,0.9259433150291443,0.9197405696142006,0.9222894328821551,0.0003000000142492354,0.29275895799992213,69502.0,237403.49560889776,0.9346633416458853,0.936063936063936,0.9332669322709163,1004.0,0.9397506925207756,0.9256480218281037,0.9542897327707455,2844.0,0.946988495375592,0.9442195231668916,0.9497737556561086,2210.0,0.903755868544601,0.9053497942386831,0.9021675454012889,1707.0,0.9376042709376042,0.9366666666666666,0.9385437541750167,1497.0,0.9117859725234996,0.9164244186046512,0.9071942446043165,1390.0,0.9183318853171155,0.9223385689354275,0.9143598615916955,1156.0,0.9238891333040036,0.9283819628647215,0.9194395796847635,1142.0,0.8958543983822043,0.911522633744856,0.8807157057654076,1006.0,0.9102702702702703,0.9232456140350878,0.8976545842217484,938.0
52,0.013695819303393364,0.9966619610786438,0.46563398838043213,0.9265475869178772,0.9206838626414597,0.9228565707355602,0.0003000000142492354,0.29058020799993756,69502.0,239183.53035253845,0.9348582794629536,0.9334657398212513,0.9362549800796812,1004.0,0.9402570336922543,0.9289636238846946,0.9518284106891702,2844.0,0.9482719674723288,0.9467749210645016,0.9497737556561086,2210.0,0.9050410316529895,0.9055718475073313,0.9045108377270065,1707.0,0.9375000000000001,0.9331568497683653,0.9418837675350702,1497.0,0.9117752970831832,0.912761355443403,0.9107913669064748,1390.0,0.9186351706036746,0.9292035398230089,0.9083044982698962,1156.0,0.9257142857142857,0.9293909973521624,0.9220665499124343,1142.0,0.8951612903225806,0.9079754601226994,0.882703777335984,1006.0,0.9113513513513514,0.9243421052631579,0.8987206823027718,938.0
53,0.013285642489790916,0.996849000453949,0.47051578760147095,0.9264804720878601,0.9206822068301623,0.9228200272359004,0.0003000000142492354,0.2882405830000607,69502.0,241124.96330881122,0.9342629482071713,0.9342629482071713,0.9342629482071713,1004.0,0.9391786518800901,0.9258626580116159,0.9528832630098453,2844.0,0.9496370235934665,0.9522292993630573,0.9470588235294117,2210.0,0.9027939464493596,0.8970503181029497,0.9086115992970123,1707.0,0.9369789929976657,0.9354194407456724,0.9385437541750167,1497.0,0.9163636363636365,0.9264705882352942,0.9064748201438849,1390.0,0.9196197061365602,0.918825561312608,0.9204152249134948,1156.0,0.9248452696728559,0.9339285714285714,0.9159369527145359,1142.0,0.8963075366717248,0.9124613800205973,0.8807157057654076,1006.0,0.9082125603864734,0.9145945945945946,0.9019189765458422,938.0
54,0.012978870421648026,0.996849000453949,0.4719383120536804,0.9264132976531982,0.9211492075352978,0.9226074018160798,0.0003000000142492354,0.2927007500002219,69502.0,237450.7069078139,0.936063936063936,0.938877755511022,0.9332669322709163,1004.0,0.9407871821664924,0.9320220841959972,0.9497187060478199,2844.0,0.9476297968397291,0.9454954954954955,0.9497737556561086,2210.0,0.9041336851363235,0.9049295774647887,0.9033391915641477,1707.0,0.9376042709376042,0.9366666666666666,0.9385437541750167,1497.0,0.9144307469180567,0.9217836257309941,0.9071942446043165,1390.0,0.9192006950477846,0.9232111692844677,0.9152249134948097,1156.0,0.9246935201401051,0.9246935201401051,0.9246935201401051,1142.0,0.8945783132530122,0.9036511156186613,0.885685884691849,1006.0,0.906951871657754,0.9098712446351931,0.9040511727078892,938.0
55,0.012559079565107822,0.9970648288726807,0.47632336616516113,0.926749050617218,0.9210768097161376,0.923081039908104,0.0003000000142492354,0.3045312090002881,69502.0,228226.1979918592,0.9347934295669488,0.9343283582089552,0.9352589641434262,1004.0,0.9407677609866248,0.9296258153106762,0.9521800281293952,2844.0,0.9469645678176484,0.9446195407474111,0.9493212669683257,2210.0,0.9046225863077824,0.9035651665692578,0.9056824838898653,1707.0,0.9394851220327649,0.9404283801874164,0.9385437541750167,1497.0,0.9125722543352601,0.9165457184325109,0.9086330935251798,1390.0,0.9203849518810149,0.9309734513274336,0.9100346020761245,1156.0,0.9263803680981595,0.9271929824561403,0.925569176882662,1142.0,0.8967254408060453,0.9090909090909091,0.8846918489065606,1006.0,0.908113917248791,0.9154929577464789,0.9008528784648188,938.0
56,0.012156006880104542,0.9971224069595337,0.47941121459007263,0.9260104894638062,0.9202900850469609,0.9223415629271056,0.0003000000142492354,0.30565420799985077,69502.0,227387.67594534127,0.9342629482071713,0.9342629482071713,0.9342629482071713,1004.0,0.9395833333333333,0.9279835390946503,0.9514767932489452,2844.0,0.9463963963963964,0.942152466367713,0.9506787330316742,2210.0,0.9036993540810335,0.9058269570335491,0.9015817223198594,1707.0,0.9386666666666666,0.9367930805056554,0.9405477621910487,1497.0,0.9136429608127722,0.9216691068814056,0.9057553956834532,1390.0,0.9190600522193212,0.9246935201401051,0.9134948096885813,1156.0,0.9258605472197705,0.9332740213523132,0.9185639229422067,1142.0,0.8941294530858003,0.9027355623100304,0.885685884691849,1006.0,0.908113917248791,0.9154929577464789,0.9008528784648188,938.0
57,0.011811936274170876,0.9972518682479858,0.48440828919410706,0.9254062175750732,0.9197633888799969,0.9215409954810092,0.0003000000142492354,0.3067835000001651,69502.0,226550.64565063833,0.9352734570998495,0.942366026289181,0.9282868525896414,1004.0,0.9393834430204364,0.9255972696245733,0.9535864978902954,2844.0,0.9480843346180005,0.9500227169468424,0.9461538461538461,2210.0,0.9040612124779281,0.9083382613837966,0.8998242530755711,1707.0,0.9356452150716906,0.9340878828229028,0.9372077488309953,1497.0,0.9121157323688969,0.9170909090909091,0.9071942446043165,1390.0,0.9167389418907199,0.9191304347826087,0.9143598615916955,1156.0,0.9255178492728073,0.9316770186335404,0.9194395796847635,1142.0,0.8923230309072782,0.895,0.889662027833002,1006.0,0.9062667380824851,0.9106566200215285,0.9019189765458422,938.0
58,0.011476627551019192,0.9972950220108032,0.4877091348171234,0.9268161654472351,0.9209176924021752,0.9231155415140139,0.0003000000142492354,0.30867862500008414,69502.0,225159.74340620785,0.9355966050923614,0.9379379379379379,0.9332669322709163,1004.0,0.940422583997229,0.9266211604095563,0.9546413502109705,2844.0,0.9477966101694916,0.946726862302483,0.948868778280543,2210.0,0.9049853372434018,0.9060481503229595,0.9039250146455771,1707.0,0.9372915276851235,0.9360426382411725,0.9385437541750167,1497.0,0.9147624229234675,0.922457937088515,0.9071942446043165,1390.0,0.9211438474870018,0.9227430555555556,0.9195501730103807,1156.0,0.9250440917107584,0.9316163410301954,0.9185639229422067,1142.0,0.898330804248862,0.9145211122554068,0.882703777335984,1006.0,0.9057815845824411,0.9096774193548387,0.9019189765458422,938.0
59,0.010982150211930275,0.9975540041923523,0.4928801357746124,0.9261447787284851,0.9202281433912637,0.922466558955003,0.0003000000142492354,0.30779241700020066,69502.0,225808.0321710937,0.9335332333833084,0.9368104312938816,0.9302788844621513,1004.0,0.939446366782007,0.9247275204359673,0.9546413502109705,2844.0,0.9465373336341079,0.9437696806117859,0.9493212669683257,2210.0,0.9042145593869733,0.9098457888493475,0.8986526069127123,1707.0,0.9378342245989305,0.9384615384615385,0.9372077488309953,1497.0,0.915155910079768,0.922514619883041,0.9079136690647482,1390.0,0.9189655172413792,0.915807560137457,0.9221453287197232,1156.0,0.925452139391266,0.9324444444444444,0.9185639229422067,1142.0,0.898330804248862,0.9145211122554068,0.882703777335984,1006.0,0.9051955008034279,0.9095801937567277,0.9008528784648188,938.0
60,0.010671280324459076,0.9975540041923523,0.4933803081512451,0.9260776042938232,0.9206828484745161,0.9223830973382141,0.0003000000142492354,0.3075737500003015,69502.0,225968.56851383406,0.935129740518962,0.937,0.9332669322709163,1004.0,0.940132265924121,0.930737422467264,0.9497187060478199,2844.0,0.945994599459946,0.9409131602506714,0.951131221719457,2210.0,0.9043273476596997,0.9088757396449704,0.8998242530755711,1707.0,0.937917222963952,0.9372915276851234,0.9385437541750167,1497.0,0.9135623869801085,0.9185454545454546,0.9086330935251798,1390.0,0.9187309865275967,0.9231441048034934,0.9143598615916955,1156.0,0.9262510974539069,0.9286971830985915,0.9238178633975481,1142.0,0.8951329653788259,0.9037487335359676,0.8866799204771372,1006.0,0.9066523605150215,0.9125269978401728,0.9008528784648188,938.0
61,0.010304218158125877,0.9977554678916931,0.4969988465309143,0.9266818761825562,0.9209426223945429,0.9230121370832928,0.0003000000142492354,0.30575520899992625,69502.0,227312.56231849434,0.9354677338669333,0.9396984924623115,0.9312749003984063,1004.0,0.9402777777777778,0.9286694101508917,0.9521800281293952,2844.0,0.9480108499095841,0.9471544715447154,0.948868778280543,2210.0,0.9038854805725971,0.9015151515151515,0.9062683069712947,1707.0,0.938584779706275,0.9379586390927285,0.9392117568470274,1497.0,0.9147005444646098,0.9230769230769231,0.9064748201438849,1390.0,0.9183585313174946,0.917169974115617,0.9195501730103807,1156.0,0.9268722466960353,0.9326241134751773,0.9211908931698775,1142.0,0.8945783132530122,0.9036511156186613,0.885685884691849,1006.0,0.9093851132686085,0.9203056768558951,0.8987206823027718,938.0
62,0.009884255938231945,0.9976115822792053,0.5019513368606567,0.9262118935585022,0.9205816114188232,0.9225576791329333,0.0003000000142492354,0.30622970900003565,69502.0,226960.34368106298,0.9346633416458853,0.936063936063936,0.9332669322709163,1004.0,0.9404596100278552,0.9313793103448276,0.9497187060478199,2844.0,0.94561797752809,0.9392857142857143,0.9520361990950226,2210.0,0.9039250146455772,0.9039250146455771,0.9039250146455771,1707.0,0.9379586390927285,0.9367088607594937,0.9392117568470274,1497.0,0.9147005444646098,0.9230769230769231,0.9064748201438849,1390.0,0.918801563178463,0.9224062772449869,0.9152249134948097,1156.0,0.926056338028169,0.9309734513274336,0.9211908931698775,1142.0,0.89449772841999,0.9087179487179488,0.8807157057654076,1006.0,0.9088960342979636,0.9137931034482759,0.9040511727078892,938.0
63,0.009569698944687843,0.997769832611084,0.5072530508041382,0.9261447787284851,0.9202677411060171,0.9225242108303562,0.0003000000142492354,0.29257070800031215,69502.0,237556.24913730545,0.935064935064935,0.9378757515030061,0.9322709163346613,1004.0,0.9397255515025187,0.9285959491932715,0.9511251758087201,2844.0,0.9464928057553956,0.9405719392314567,0.9524886877828054,2210.0,0.9044548651817117,0.9049853372434018,0.9039250146455771,1707.0,0.9380234505862647,0.9408602150537635,0.9352037408149633,1497.0,0.9121792555113841,0.9164851125635439,0.9079136690647482,1390.0,0.9194107452339688,0.9210069444444444,0.9178200692041523,1156.0,0.9263343625937362,0.9333333333333333,0.9194395796847635,1142.0,0.8965169106511862,0.9107692307692308,0.882703777335984,1006.0,0.9070392262224611,0.914409534127844,0.8997867803837953,938.0
64,0.00921159889549017,0.9978993535041809,0.5110195279121399,0.9258762001991272,0.9202347525077483,0.9221061801860639,0.0003000000142492354,0.30296074999978373,69502.0,229409.2551594542,0.9356608478802991,0.9370629370629371,0.9342629482071713,1004.0,0.9395833333333333,0.9279835390946503,0.9514767932489452,2844.0,0.9473446327683617,0.94627539503386,0.9484162895927601,2210.0,0.9048316251830161,0.9045667447306791,0.9050966608084359,1707.0,0.9374791039786025,0.9384203480589023,0.9365397461589846,1497.0,0.9117859725234996,0.9164244186046512,0.9071942446043165,1390.0,0.919249236141423,0.9277533039647577,0.9108996539792388,1156.0,0.9253075571177505,0.9285714285714286,0.9220665499124343,1142.0,0.8943415122684025,0.9011099899091827,0.8876739562624254,1006.0,0.9054779806659506,0.9123376623376623,0.8987206823027718,938.0
65,0.008854199200868607,0.9981727004051208,0.5167309641838074,0.9264132976531982,0.9206512683594138,0.9226596831474214,0.0003000000142492354,0.3073482499999045,69502.0,226134.36061543084,0.9352589641434262,0.9352589641434262,0.9352589641434262,1004.0,0.9400138696255201,0.9271545827633378,0.9532348804500703,2844.0,0.9467989179440938,0.9433962264150944,0.9502262443438914,2210.0,0.9065088757396449,0.9157202630005977,0.8974809607498535,1707.0,0.9382303839732887,0.937917222963952,0.9385437541750167,1497.0,0.9121037463976945,0.9134199134199135,0.9107913669064748,1390.0,0.9198092761161683,0.9218071242397915,0.9178200692041523,1156.0,0.9253731343283583,0.9278169014084507,0.9229422066549913,1142.0,0.8953722334004024,0.9063136456211812,0.8846918489065606,1006.0,0.9071274298056156,0.9190371991247265,0.8955223880597015,938.0
66,0.0085245780646801,0.9982302784919739,0.5172514915466309,0.9262118935585022,0.9206100304238432,0.9225386430823617,0.0003000000142492354,0.29360508299987487,69502.0,236719.3349988073,0.935129740518962,0.937,0.9332669322709163,1004.0,0.9399477806788511,0.9307135470527405,0.9493670886075949,2844.0,0.9464687359424201,0.9409660107334525,0.9520361990950226,2210.0,0.9048316251830161,0.9045667447306791,0.9050966608084359,1707.0,0.9381063900970223,0.9396782841823056,0.9365397461589846,1497.0,0.9131064446053584,0.9190962099125365,0.9071942446043165,1390.0,0.9176062445793582,0.92,0.9152249134948097,1156.0,0.9274725274725275,0.9311562224183584,0.9238178633975481,1142.0,0.8960645812310797,0.9098360655737705,0.882703777335984,1006.0,0.9066523605150215,0.9125269978401728,0.9008528784648188,938.0
67,0.008209792897105217,0.9982590675354004,0.5219177007675171,0.9258762001991272,0.9201639467362062,0.9221198752980259,0.0003000000142492354,0.3089818749999722,69502.0,224938.7605664774,0.9346633416458853,0.936063936063936,0.9332669322709163,1004.0,0.9403374499913029,0.9304647160068846,0.95042194092827,2844.0,0.9464648746329342,0.9449706811005864,0.9479638009049773,2210.0,0.9042615294804436,0.9011052937754508,0.9074399531341535,1707.0,0.9374167776298268,0.9343065693430657,0.9405477621910487,1497.0,0.9116582186821144,0.9176384839650146,0.9057553956834532,1390.0,0.9175347222222222,0.9207317073170732,0.9143598615916955,1156.0,0.9268077601410935,0.933392539964476,0.9203152364273205,1142.0,0.8954017180394139,0.9105858170606372,0.8807157057654076,1006.0,0.9066523605150215,0.9125269978401728,0.9008528784648188,938.0
68,0.007848009467124939,0.9983741641044617,0.5281304717063904,0.9261447787284851,0.9200892215938028,0.9223743364494339,0.0003000000142492354,0.2902553330000046,69502.0,239451.24205521107,0.933933933933934,0.9386317907444668,0.9292828685258964,1004.0,0.9396880415944541,0.9265208475734792,0.9532348804500703,2844.0,0.9470124013528748,0.9438202247191011,0.9502262443438914,2210.0,0.9050410316529895,0.9055718475073313,0.9045108377270065,1707.0,0.9390080428954424,0.9421654337592468,0.935871743486974,1497.0,0.9132947976878614,0.9172714078374455,0.9093525179856116,1390.0,0.9176470588235294,0.9244951712028094,0.9108996539792388,1156.0,0.9268722466960353,0.9326241134751773,0.9211908931698775,1142.0,0.8948948948948949,0.9012096774193549,0.8886679920477137,1006.0,0.9063509149623251,0.9152173913043479,0.8976545842217484,938.0
69,0.00759454071521759,0.9985899925231934,0.5334383845329285,0.9261447787284851,0.9205078866349963,0.9222249876196026,0.0003000000142492354,0.3118627919998289,69502.0,222860.82784777394,0.9338637493784187,0.9324726911618669,0.9352589641434262,1004.0,0.9404203578252562,0.9292825266048746,0.9518284106891702,2844.0,0.9478930675124604,0.9491833030852994,0.9466063348416289,2210.0,0.9044139140602164,0.9025670945157527,0.9062683069712947,1707.0,0.9383127709236412,0.936750998668442,0.9398797595190381,1497.0,0.913768115942029,0.9204379562043795,0.9071942446043165,1390.0,0.9171752397558849,0.9244288224956063,0.9100346020761245,1156.0,0.9266578831796223,0.9295154185022027,0.9238178633975481,1142.0,0.8931068931068931,0.8975903614457831,0.8886679920477137,1006.0,0.9066378845116029,0.9180327868852459,0.8955223880597015,938.0
70,0.007215505465865135,0.9987338781356812,0.5365293622016907,0.9263461828231812,0.9204025438783962,0.9226899695657413,0.0003000000142492354,0.28732350000018414,69502.0,241894.5891998234,0.9354031046569854,0.9405840886203424,0.9302788844621513,1004.0,0.9395670995670996,0.9256226543841692,0.9539381153305204,2844.0,0.9477730047479087,0.94713059195662,0.9484162895927601,2210.0,0.9040935672514621,0.9025102159953299,0.9056824838898653,1707.0,0.9377926421404682,0.9390488948425988,0.9365397461589846,1497.0,0.913768115942029,0.9204379562043795,0.9071942446043165,1390.0,0.9184735472679965,0.9208695652173913,0.9160899653979239,1156.0,0.9272807404142794,0.9334516415261757,0.9211908931698775,1142.0,0.8968655207280081,0.9125514403292181,0.8817097415506958,1006.0,0.9058823529411765,0.9087982832618026,0.9029850746268657,938.0
71,0.006899283733218908,0.9988777041435242,0.5439924001693726,0.9262790679931641,0.9205345504773839,0.9225941480599887,0.0003000000142492354,0.2900216670000191,69502.0,239644.16424099592,0.934,0.9377510040160643,0.9302788844621513,1004.0,0.939646201873049,0.9271047227926078,0.9525316455696202,2844.0,0.9468686411937598,0.9462268413917758,0.9475113122171945,2210.0,0.9044548651817117,0.9049853372434018,0.9039250146455771,1707.0,0.938938938938939,0.938,0.9398797595190381,1497.0,0.9134998190372784,0.9191551347414421,0.9079136690647482,1390.0,0.9196001738374621,0.9240174672489083,0.9152249134948097,1156.0,0.9266578831796223,0.9295154185022027,0.9238178633975481,1142.0,0.8974874371859296,0.907520325203252,0.8876739562624254,1006.0,0.9047875201721356,0.9131378935939196,0.896588486140725,938.0
72,0.0066933827474713326,0.9988201856613159,0.544615626335144,0.9263461828231812,0.9205448889627783,0.9225937489837897,0.0003000000142492354,0.28869875000009415,69502.0,240742.29625163716,0.9345981028457314,0.9369369369369369,0.9322709163346613,1004.0,0.9401739130434783,0.9301445285615967,0.95042194092827,2844.0,0.9464928057553956,0.9405719392314567,0.9524886877828054,2210.0,0.9055164319248826,0.9071134626690183,0.9039250146455771,1707.0,0.9388164493480442,0.9397590361445783,0.9378757515030061,1497.0,0.9133744110184849,0.9203798392987582,0.9064748201438849,1390.0,0.9176776429809358,0.9192708333333334,0.9160899653979239,1156.0,0.9267222465993857,0.9287598944591029,0.9246935201401051,1142.0,0.8959276018099547,0.9064089521871821,0.885685884691849,1006.0,0.9066378845116029,0.9180327868852459,0.8955223880597015,938.0
73,0.00639332877472043,0.9989209175109863,0.5520022511482239,0.9259433150291443,0.9201639082119926,0.9220203109363014,0.0003000000142492354,0.29114225000012084,69502.0,238721.7932126689,0.9337319382162432,0.93419740777667,0.9332669322709163,1004.0,0.9404410487931932,0.9289879931389365,0.9521800281293952,2844.0,0.9470588235294117,0.9470588235294117,0.9470588235294117,2210.0,0.9046225863077824,0.9035651665692578,0.9056824838898653,1707.0,0.937917222963952,0.9372915276851234,0.9385437541750167,1497.0,0.9124457308248914,0.9177583697234353,0.9071942446043165,1390.0,0.9189189189189189,0.9261862917398945,0.9117647058823529,1156.0,0.9258446687143485,0.9278803869832893,0.9238178633975481,1142.0,0.896586345381526,0.9056795131845842,0.8876739562624254,1006.0,0.9026358257127488,0.9109663409337676,0.894456289978678,938.0
74,0.006077705882489681,0.999021589756012,0.5534119009971619,0.9261447787284851,0.9206298307956974,0.922391543845001,0.0003000000142492354,0.2871036249998724,69502.0,242079.8413814207,0.935129740518962,0.937,0.9332669322709163,1004.0,0.9406440382941689,0.9314029644950017,0.950070323488045,2844.0,0.9460861718926236,0.9433198380566802,0.948868778280543,2210.0,0.9049295774647887,0.9065255731922398,0.9033391915641477,1707.0,0.9382303839732887,0.937917222963952,0.9385437541750167,1497.0,0.910990990990991,0.9126353790613718,0.9093525179856116,1390.0,0.9193408499566348,0.9217391304347826,0.916955017301038,1156.0,0.9275362318840581,0.9303964757709251,0.9246935201401051,1142.0,0.8968293910417716,0.908256880733945,0.885685884691849,1006.0,0.9041980624327234,0.9130434782608695,0.8955223880597015,938.0
75,0.0057849460281431675,0.9991223216056824,0.5620399713516235,0.9266818761825562,0.9207637937477202,0.9229839469148111,0.0003000000142492354,0.29258212500008085,69502.0,237546.97933095126,0.9349999999999999,0.9387550200803213,0.9312749003984063,1004.0,0.940319222761971,0.928082191780822,0.9528832630098453,2844.0,0.946988495375592,0.9442195231668916,0.9497737556561086,2210.0,0.9060481503229596,0.9081812831077104,0.9039250146455771,1707.0,0.9396062729396063,0.9386666666666666,0.9405477621910487,1497.0,0.9126353790613718,0.9159420289855073,0.9093525179856116,1390.0,0.9189895470383275,0.9254385964912281,0.9126297577854672,1156.0,0.924901185770751,0.9277533039647577,0.9220665499124343,1142.0,0.8972431077694235,0.9049544994944388,0.889662027833002,1006.0,0.9081081081081083,0.9210526315789473,0.8955223880597015,938.0
76,0.00549720786511898,0.9992949962615967,0.5671123266220093,0.9262118935585022,0.9204332294686391,0.9223512182727139,0.0003000000142492354,0.30391416700012996,69502.0,228689.56944665985,0.9338637493784187,0.9324726911618669,0.9352589641434262,1004.0,0.940236275191105,0.9292582417582418,0.9514767932489452,2844.0,0.947202166064982,0.9446444644464447,0.9497737556561086,2210.0,0.9056159952955013,0.9090909090909091,0.9021675454012889,1707.0,0.9395659432387312,0.9392523364485982,0.9398797595190381,1497.0,0.9110550954267195,0.9120403749098774,0.9100719424460432,1390.0,0.9190600522193212,0.9246935201401051,0.9134948096885813,1156.0,0.9257142857142857,0.9293909973521624,0.9220665499124343,1142.0,0.8936810431293882,0.9018218623481782,0.885685884691849,1006.0,0.9075175770686859,0.9209659714599341,0.894456289978678,938.0
77,0.005342056509107351,0.9991798996925354,0.5720127820968628,0.9263461828231812,0.9203490152275376,0.9225305904467425,0.0003000000142492354,0.3083862910002608,69502.0,225373.1830120205,0.935129740518962,0.937,0.9332669322709163,1004.0,0.9407677609866248,0.9296258153106762,0.9521800281293952,2844.0,0.9466095967560261,0.9425751458052939,0.9506787330316742,2210.0,0.906158357771261,0.9072225484439225,0.9050966608084359,1707.0,0.9385026737967915,0.9391304347826087,0.9378757515030061,1497.0,0.910990990990991,0.9126353790613718,0.9093525179856116,1390.0,0.9193196685564763,0.9270008795074758,0.9117647058823529,1156.0,0.9261213720316622,0.9302120141342756,0.9220665499124343,1142.0,0.8945783132530122,0.9036511156186613,0.885685884691849,1006.0,0.9071274298056156,0.9190371991247265,0.8955223880597015,938.0
78,0.005009496584534645,0.9993957281112671,0.5757600665092468,0.9264132976531982,0.9206821995515065,0.9226609488632318,0.0003000000142492354,0.2910951250000835,69502.0,238760.43956414613,0.9345981028457314,0.9369369369369369,0.9322709163346613,1004.0,0.9400312880236399,0.9295290477827433,0.9507735583684951,2844.0,0.9473446327683617,0.94627539503386,0.9484162895927601,2210.0,0.9056824838898653,0.9056824838898653,0.9056824838898653,1707.0,0.9383949383949385,0.9355909694555112,0.9412157648630595,1497.0,0.9125090383224874,0.9171511627906976,0.9079136690647482,1390.0,0.9186147186147187,0.9194107452339688,0.9178200692041523,1156.0,0.9263803680981595,0.9271929824561403,0.925569176882662,1142.0,0.8965169106511862,0.9107692307692308,0.882703777335984,1006.0,0.9065370070232307,0.91894852135816,0.894456289978678,938.0
79,0.004868665710091591,0.9993381500244141,0.5822771191596985,0.9262118935585022,0.9205626096233555,0.9224801010906857,0.0003000000142492354,0.307241250000061,69502.0,226213.11428718054,0.9349349349349351,0.9396378269617707,0.9302788844621513,1004.0,0.9401530967292971,0.9304407713498623,0.950070323488045,2844.0,0.9463480613165013,0.9429469901168014,0.9497737556561086,2210.0,0.9045667447306792,0.9040374488004681,0.9050966608084359,1707.0,0.9392523364485982,0.9386257505003336,0.9398797595190381,1497.0,0.9130434782608695,0.9197080291970803,0.9064748201438849,1390.0,0.9188720173535792,0.9216710182767625,0.9160899653979239,1156.0,0.9259096887330118,0.9271290605794557,0.9246935201401051,1142.0,0.8969331322272499,0.9074262461851476,0.8866799204771372,1006.0,0.9047875201721356,0.9131378935939196,0.896588486140725,938.0
80,0.0045852805487811565,0.999467670917511,0.5884484648704529,0.9262118935585022,0.9200282415529536,0.9225232111196346,0.0003000000142492354,0.3054959579999377,69502.0,227505.4650641701,0.934738955823293,0.9423076923076923,0.9272908366533864,1004.0,0.9398091934084996,0.9274221157137966,0.9525316455696202,2844.0,0.946894689468947,0.9418084153983886,0.9520361990950226,2210.0,0.9045667447306792,0.9040374488004681,0.9050966608084359,1707.0,0.9384203480589023,0.9403085177733065,0.9365397461589846,1497.0,0.9137055837563451,0.9210526315789473,0.9064748201438849,1390.0,0.916883116883117,0.9176776429809359,0.9160899653979239,1156.0,0.9265934065934067,0.9302736098852604,0.9229422066549913,1142.0,0.8949220713926596,0.9053916581892166,0.8846918489065606,1006.0,0.908698001080497,0.9211391018619934,0.896588486140725,938.0
81,0.004270672798156738,0.9995108246803284,0.5924516320228577,0.9261447787284851,0.9204246777610855,0.9224354861591324,0.0003000000142492354,0.30713120800010074,69502.0,226294.16415402893,0.9344016024036054,0.9395770392749244,0.9292828685258964,1004.0,0.9398679179701077,0.9292096219931272,0.9507735583684951,2844.0,0.9475350520126639,0.9471066907775768,0.9479638009049773,2210.0,0.9030002912904166,0.8980301274623407,0.9080257762155829,1707.0,0.9399599733155437,0.938707528314457,0.9412157648630595,1497.0,0.9117967332123411,0.9201465201465201,0.9035971223021583,1390.0,0.9187309865275967,0.9231441048034934,0.9143598615916955,1156.0,0.9271290605794557,0.9295774647887324,0.9246935201401051,1142.0,0.8955823293172691,0.9046653144016227,0.8866799204771372,1006.0,0.9063509149623251,0.9152173913043479,0.8976545842217484,938.0
82,0.004147556144744158,0.9994964003562927,0.5983768105506897,0.9260104894638062,0.9202727010399132,0.922137445195751,0.0003000000142492354,0.3174080410003626,69502.0,218967.3575406384,0.934,0.9377510040160643,0.9302788844621513,1004.0,0.9401947148817802,0.9298486932599724,0.9507735583684951,2844.0,0.9467749210645015,0.9437949640287769,0.9497737556561086,2210.0,0.9043579994150336,0.9030373831775701,0.9056824838898653,1707.0,0.9392523364485982,0.9386257505003336,0.9398797595190381,1497.0,0.9135802469135802,0.9222873900293255,0.9050359712230216,1390.0,0.9184474487570867,0.9261213720316622,0.9108996539792388,1156.0,0.9265934065934067,0.9302736098852604,0.9229422066549913,1142.0,0.8921078921078921,0.8965863453815262,0.8876739562624254,1006.0,0.9060654857756307,0.9124324324324324,0.8997867803837953,938.0
83,0.003948050085455179,0.9995683431625366,0.6015048623085022,0.9260776042938232,0.9201991746296881,0.9223789588760948,0.0003000000142492354,0.2848625000001448,69502.0,243984.378428065,0.9335996005991013,0.9359359359359359,0.9312749003984063,1004.0,0.9398888116747741,0.9289148351648352,0.9511251758087201,2844.0,0.9465855307640296,0.9429726088908846,0.9502262443438914,2210.0,0.9051395007342143,0.9075382803297998,0.9027533684827183,1707.0,0.9386257505003336,0.9373750832778148,0.9398797595190381,1497.0,0.9107913669064748,0.9107913669064748,0.9107913669064748,1390.0,0.9193196685564763,0.9270008795074758,0.9117647058823529,1156.0,0.9262510974539069,0.9286971830985915,0.9238178633975481,1142.0,0.8938097634625063,0.9051987767584098,0.882703777335984,1006.0,0.9097784981091301,0.9222343921139102,0.8976545842217484,938.0
84,0.003735932055860758,0.9995683431625366,0.6077182292938232,0.9260776042938232,0.920297051279135,0.9223042002118049,0.0003000000142492354,0.3052437500000451,69502.0,227693.44171662722,0.9337319382162432,0.93419740777667,0.9332669322709163,1004.0,0.93960430406109,0.9276901987662782,0.9518284106891702,2844.0,0.9472259810554804,0.9442446043165468,0.9502262443438914,2210.0,0.9056159952955013,0.9090909090909091,0.9021675454012889,1707.0,0.9374372699899632,0.9390080428954424,0.935871743486974,1497.0,0.9126353790613718,0.9159420289855073,0.9093525179856116,1390.0,0.9185894645189376,0.9246275197195443,0.9126297577854672,1156.0,0.9263803680981595,0.9271929824561403,0.925569176882662,1142.0,0.8948948948948949,0.9012096774193549,0.8886679920477137,1006.0,0.9069264069264068,0.9208791208791208,0.8933901918976546,938.0
85,0.00358385406434536,0.9995971322059631,0.615237832069397,0.9264132976531982,0.9205618484319761,0.9226408005292115,0.0003000000142492354,0.3045586660000481,69502.0,228205.622623751,0.9344672336168084,0.9386934673366835,0.9302788844621513,1004.0,0.9403996524761077,0.9295774647887324,0.9514767932489452,2844.0,0.946894689468947,0.9418084153983886,0.9520361990950226,2210.0,0.9050966608084359,0.9050966608084359,0.9050966608084359,1707.0,0.9386523633925578,0.9421265141318977,0.9352037408149633,1497.0,0.913232104121475,0.9178779069767442,0.9086330935251798,1390.0,0.9195302305350153,0.9247594050743657,0.9143598615916955,1156.0,0.9269366197183099,0.9318584070796461,0.9220665499124343,1142.0,0.8951329653788259,0.9037487335359676,0.8866799204771372,1006.0,0.9060654857756307,0.9124324324324324,0.8997867803837953,938.0
86,0.0033645599614828825,0.9996259212493896,0.6181955933570862,0.9264804720878601,0.9207263444171764,0.9226233929610034,0.0003000000142492354,0.30714504199977455,69502.0,226283.97172711327,0.9336658354114713,0.935064935064935,0.9322709163346613,1004.0,0.9405217391304348,0.930488644184446,0.9507735583684951,2844.0,0.9473921878527883,0.9454709328526363,0.9493212669683257,2210.0,0.9051522248243559,0.9046225863077824,0.9056824838898653,1707.0,0.9387483355525965,0.935633709356337,0.9418837675350702,1497.0,0.9134371604491125,0.9197665937272064,0.9071942446043165,1390.0,0.9197396963123644,0.9225413402959095,0.916955017301038,1156.0,0.9266578831796223,0.9295154185022027,0.9238178633975481,1142.0,0.8950554994954592,0.9088114754098361,0.8817097415506958,1006.0,0.9058633674018289,0.9142236699239956,0.8976545842217484,938.0
87,0.0031341109424829483,0.9996834397315979,0.6263828873634338,0.9262790679931641,0.920059087697747,0.9224182597352639,0.0003000000142492354,0.289570915999775,69502.0,240017.19841247454,0.9346633416458853,0.936063936063936,0.9332669322709163,1004.0,0.9402985074626866,0.9283755997258396,0.9525316455696202,2844.0,0.9466576637407157,0.941782355575459,0.9515837104072398,2210.0,0.9054609512624779,0.90759270158917,0.9033391915641477,1707.0,0.9392928619079386,0.9380413057961359,0.9405477621910487,1497.0,0.9128390596745029,0.9178181818181819,0.9079136690647482,1390.0,0.9179331306990882,0.9215344376634699,0.9143598615916955,1156.0,0.9265934065934067,0.9302736098852604,0.9229422066549913,1142.0,0.89449772841999,0.9087179487179488,0.8807157057654076,1006.0,0.9059459459459459,0.918859649122807,0.8933901918976546,938.0
88,0.00297641777433455,0.9997410178184509,0.6322858333587646,0.9266818761825562,0.9206348716888796,0.9230823341597058,0.0003000000142492354,0.3032254169997941,69502.0,229209.0177916952,0.9348044132397191,0.9414141414141414,0.9282868525896414,1004.0,0.9396880415944541,0.9265208475734792,0.9532348804500703,2844.0,0.9475107006082452,0.9434724091520862,0.9515837104072398,2210.0,0.9059478464693819,0.9062133645955451,0.9056824838898653,1707.0,0.9383378016085789,0.9414929388029589,0.9352037408149633,1497.0,0.9125090383224874,0.9171511627906976,0.9079136690647482,1390.0,0.9204001739886907,0.9256342957130359,0.9152249134948097,1156.0,0.9266578831796223,0.9295154185022027,0.9238178633975481,1142.0,0.8955823293172691,0.9046653144016227,0.8866799204771372,1006.0,0.9093851132686085,0.9203056768558951,0.8987206823027718,938.0
89,0.0028398633003234863,0.9996978640556335,0.6317362785339355,0.9268832802772522,0.9213749008835912,0.9232143097618201,0.0003000000142492354,0.3098264170002949,69502.0,224325.61003968184,0.935129740518962,0.937,0.9332669322709163,1004.0,0.9407871821664924,0.9320220841959972,0.9497187060478199,2844.0,0.9472497745716862,0.9438454627133872,0.9506787330316742,2210.0,0.9048873280655546,0.904093567251462,0.9056824838898653,1707.0,0.9396465488496166,0.9380825565912118,0.9412157648630595,1497.0,0.9125090383224874,0.9171511627906976,0.9079136690647482,1390.0,0.92,0.9248251748251748,0.9152249134948097,1156.0,0.9271929824561403,0.9288224956063269,0.925569176882662,1142.0,0.8967254408060453,0.9090909090909091,0.8846918489065606,1006.0,0.9080150618612157,0.9163952225841476,0.8997867803837953,938.0
90,0.002632481511682272,0.9997410178184509,0.637772262096405,0.9264132976531982,0.9207446913612906,0.922614218300182,0.0003000000142492354,0.31209462500009977,69502.0,222695.28031755684,0.9342039176293321,0.9422492401215805,0.9262948207171314,1004.0,0.9399096908648836,0.9286204529855868,0.9514767932489452,2844.0,0.9472972972972972,0.9430493273542601,0.9515837104072398,2210.0,0.9065255731922398,0.9097345132743363,0.9033391915641477,1707.0,0.9385699899295067,0.9433198380566802,0.9338677354709419,1497.0,0.9137495488993144,0.9167270094134685,0.9107913669064748,1390.0,0.9195302305350153,0.9247594050743657,0.9143598615916955,1156.0,0.9253731343283583,0.9278169014084507,0.9229422066549913,1142.0,0.8934467233616809,0.8992950654582075,0.8876739562624254,1006.0,0.9075360769641903,0.909967845659164,0.9051172707889126,938.0
91,0.0025569559074938297,0.9997553825378418,0.6437843441963196,0.9264804720878601,0.9208027904320961,0.922710461151618,0.0003000000142492354,0.28709970899990367,69502.0,242083.14331667722,0.9344672336168084,0.9386934673366835,0.9302788844621513,1004.0,0.9406853365802749,0.9308089500860586,0.9507735583684951,2844.0,0.946940618649808,0.9450202794051374,0.948868778280543,2210.0,0.9045667447306792,0.9040374488004681,0.9050966608084359,1707.0,0.9393737508327783,0.9368770764119602,0.9418837675350702,1497.0,0.9128390596745029,0.9178181818181819,0.9079136690647482,1390.0,0.9196001738374621,0.9240174672489083,0.9152249134948097,1156.0,0.9259745948313621,0.9263803680981595,0.925569176882662,1142.0,0.8957178841309823,0.9080694586312564,0.8836978131212724,1006.0,0.9069392146315223,0.9153094462540716,0.8987206823027718,938.0
92,0.0023628247436136007,0.999798595905304,0.6519484519958496,0.9266818761825562,0.9207434554088711,0.9229242963715425,0.0003000000142492354,0.28845470899977954,69502.0,240945.97117515982,0.9344016024036054,0.9395770392749244,0.9292828685258964,1004.0,0.9401353461738677,0.9280575539568345,0.9525316455696202,2844.0,0.9478672985781991,0.9455200360198109,0.9502262443438914,2210.0,0.9069016152716594,0.9093050647820966,0.9045108377270065,1707.0,0.937917222963952,0.9372915276851234,0.9385437541750167,1497.0,0.9124324324324324,0.9140794223826715,0.9107913669064748,1390.0,0.9194107452339688,0.9210069444444444,0.9178200692041523,1156.0,0.9263992948435433,0.9325643300798581,0.9203152364273205,1142.0,0.8953722334004024,0.9063136456211812,0.8846918489065606,1006.0,0.908405172413793,0.9183006535947712,0.8987206823027718,938.0
93,0.0022528006229549646,0.9997698068618774,0.6591893434524536,0.9268161654472351,0.9210829590532221,0.9230588317063317,0.0003000000142492354,0.2915292910001881,69502.0,238404.86066271522,0.9338014042126378,0.9404040404040404,0.9272908366533864,1004.0,0.9407471763683752,0.9299209893507385,0.9518284106891702,2844.0,0.9473684210526315,0.945872801082544,0.948868778280543,2210.0,0.9056271981242672,0.906158357771261,0.9050966608084359,1707.0,0.9393333333333334,0.9374584165003327,0.9412157648630595,1497.0,0.9123692751532635,0.9146782357194505,0.9100719424460432,1390.0,0.921602787456446,0.9280701754385965,0.9152249134948097,1156.0,0.9279437609841827,0.9312169312169312,0.9246935201401051,1142.0,0.8936810431293882,0.9018218623481782,0.885685884691849,1006.0,0.908113917248791,0.9154929577464789,0.9008528784648188,938.0
94,0.002062892308458686,0.9998129606246948,0.6623736619949341,0.926749050617218,0.9210224605671197,0.9230229756384606,0.0003000000142492354,0.30677233300002626,69502.0,226558.89245394905,0.934,0.9377510040160643,0.9302788844621513,1004.0,0.9401739130434783,0.9301445285615967,0.95042194092827,2844.0,0.9474159331979237,0.945069788383611,0.9497737556561086,2210.0,0.9055718475073313,0.906635349383441,0.9045108377270065,1707.0,0.9384359400998337,0.9350132625994695,0.9418837675350702,1497.0,0.9139359020525748,0.9149242970439798,0.9129496402877698,1390.0,0.9215344376634699,0.9288224956063269,0.9143598615916955,1156.0,0.9271290605794557,0.9295774647887324,0.9246935201401051,1142.0,0.8961693548387097,0.908997955010225,0.8836978131212724,1006.0,0.9058633674018289,0.9142236699239956,0.8976545842217484,938.0
95,0.001992718782275915,0.9998129606246948,0.6682547330856323,0.9268832802772522,0.9207421425244815,0.923038318143227,0.0003000000142492354,0.2904254999998557,69502.0,239310.9420489404,0.9337349397590361,0.9412955465587044,0.9262948207171314,1004.0,0.9406249999999999,0.9290123456790124,0.9525316455696202,2844.0,0.9468707789284107,0.9422043010752689,0.9515837104072398,2210.0,0.9070653767223689,0.9078638497652582,0.9062683069712947,1707.0,0.9396062729396063,0.9386666666666666,0.9405477621910487,1497.0,0.9147624229234675,0.922457937088515,0.9071942446043165,1390.0,0.9193408499566348,0.9217391304347826,0.916955017301038,1156.0,0.9267222465993857,0.9287598944591029,0.9246935201401051,1142.0,0.894816305988928,0.9062181447502549,0.8836978131212724,1006.0,0.9068389876144318,0.9162132752992383,0.8976545842217484,938.0
96,0.0018171243136748672,0.9998561143875122,0.674321174621582,0.9269504547119141,0.9211455844430798,0.9231621155635035,0.0003000000142492354,0.31028945800017027,69502.0,223990.8517934949,0.934738955823293,0.9423076923076923,0.9272908366533864,1004.0,0.9412786657400973,0.9302884615384616,0.9525316455696202,2844.0,0.9474633596392333,0.9442696629213483,0.9506787330316742,2210.0,0.9055164319248826,0.9071134626690183,0.9039250146455771,1707.0,0.9396062729396063,0.9386666666666666,0.9405477621910487,1497.0,0.9125090383224874,0.9171511627906976,0.9079136690647482,1390.0,0.9205384281372123,0.9241499564080209,0.916955017301038,1156.0,0.9265934065934067,0.9302736098852604,0.9229422066549913,1142.0,0.8945783132530122,0.9036511156186613,0.885685884691849,1006.0,0.9087982832618026,0.9146868250539957,0.9029850746268657,938.0
97,0.0017135131638497114,0.9998992681503296,0.6788047552108765,0.927219033241272,0.9215410322993712,0.9234871527832487,0.0003000000142492354,0.29152670799976477,69502.0,238406.97299012507,0.935064935064935,0.9378757515030061,0.9322709163346613,1004.0,0.9405837387074357,0.9296016483516484,0.9518284106891702,2844.0,0.9485094850948509,0.9467989179440938,0.9502262443438914,2210.0,0.906158357771261,0.9072225484439225,0.9050966608084359,1707.0,0.9389796598866289,0.9374167776298269,0.9405477621910487,1497.0,0.9137495488993144,0.9167270094134685,0.9107913669064748,1390.0,0.9212701174423662,0.926509186351706,0.9160899653979239,1156.0,0.9270008795074758,0.931095406360424,0.9229422066549913,1142.0,0.8943661971830985,0.905295315682281,0.8836978131212724,1006.0,0.9091886082751209,0.9165763813651138,0.9019189765458422,938.0
98,0.0016641381662338972,0.9998561143875122,0.6897799372673035,0.9272861480712891,0.9211194436136602,0.9235587533578995,0.0003000000142492354,0.2851487080001789,69502.0,243739.48767797468,0.9337349397590361,0.9412955465587044,0.9262948207171314,1004.0,0.9405030355594103,0.9281068127353646,0.9532348804500703,2844.0,0.9479612525343545,0.9439210408254822,0.9520361990950226,2210.0,0.9060029282576866,0.9057377049180327,0.9062683069712947,1707.0,0.9402337228714523,0.9399198931909212,0.9405477621910487,1497.0,0.9142857142857144,0.9192727272727272,0.9093525179856116,1390.0,0.9219363279546446,0.9296394019349165,0.9143598615916955,1156.0,0.9275362318840581,0.9303964757709251,0.9246935201401051,1142.0,0.8954773869346734,0.9054878048780488,0.885685884691849,1006.0,0.9079159935379645,0.9173014145810664,0.8987206823027718,938.0
99,0.0015564084751531482,0.9998561143875122,0.6924383044242859,0.926749050617218,0.9210055345385604,0.9230000379283766,0.0003000000142492354,0.30133158399985405,69502.0,230649.56908079595,0.9335332333833084,0.9368104312938816,0.9302788844621513,1004.0,0.9407059641801425,0.9305125558995528,0.9511251758087201,2844.0,0.9467749210645015,0.9437949640287769,0.9497737556561086,2210.0,0.9053618517433344,0.9056271981242673,0.9050966608084359,1707.0,0.9396465488496166,0.9380825565912118,0.9412157648630595,1497.0,0.9126353790613718,0.9159420289855073,0.9093525179856116,1390.0,0.9212015672616457,0.9272567922874672,0.9152249134948097,1156.0,0.9280070237050044,0.9304577464788732,0.925569176882662,1142.0,0.8961693548387097,0.908997955010225,0.8836978131212724,1006.0,0.905964535196131,0.9133261105092091,0.8987206823027718,938.0
100,0.0014279859606176615,0.9998849034309387,0.702164888381958,0.9271518588066101,0.9212108263553269,0.9232516995366543,0.0003000000142492354,0.2908306670001366,69502.0,238977.54909033494,0.9330669330669331,0.935871743486974,0.9302788844621513,1004.0,0.9409722222222222,0.9293552812071331,0.9528832630098453,2844.0,0.9477477477477477,0.9434977578475336,0.9520361990950226,2210.0,0.9063692398004108,0.908235294117647,0.9045108377270065,1707.0,0.9411371237458195,0.942397856664434,0.9398797595190381,1497.0,0.9143686502177067,0.9224011713030746,0.9064748201438849,1390.0,0.9210069444444444,0.9242160278745645,0.9178200692041523,1156.0,0.9262510974539069,0.9286971830985915,0.9238178633975481,1142.0,0.8936810431293882,0.9018218623481782,0.885685884691849,1006.0,0.9079159935379645,0.9173014145810664,0.8987206823027718,938.0
