accuracy_delta_vs_classical,backend,classical_reference_eligible,classical_test_accuracy,classical_test_macro_f1,dataset,elapsed_this_session_seconds,macro_f1_delta_vs_classical,mode,noise_study_conditions,run,scope,seed,selected_epoch,selected_val_macro_f1,status,test_accuracy,test_macro_f1,trainable_parameters
,pennylane,False,,,mnist,24283.383157250006,,full,64,<local-path-redacted>,full_test,42,13,0.9936635483492278,completed,0.9930462945322919,0.9930490004656918,19482
,pennylane,False,,,fashion_mnist,24289.212397875002,,full,64,<local-path-redacted>,full_test,42,5,0.9243097551465713,completed,0.9186666666666666,0.9189430252138597,19482
,pennylane,False,,,kmnist,24397.275355041987,,full,64,<local-path-redacted>,full_test,42,30,0.987147130296991,completed,0.9864761904761905,0.9864807584140548,19482
,pennylane,False,,,emnist_balanced,45943.36305129199,,full,64,<local-path-redacted>,full_test,42,40,0.8884970142699415,completed,0.8852077001013171,0.8847409114940987,20259
,pennylane,False,,,cifar10,21013.379072915995,,full,64,<local-path-redacted>,full_test,42,12,0.7335172270165422,completed,0.7325555555555555,0.7331986430202305,19482
,pennylane,False,,,cifar100_coarse,21075.69951450004,,full,64,<local-path-redacted>,full_test,42,23,0.4842775105637077,completed,0.47055555555555556,0.47116658006741796,19692
,pennylane,False,,,svhn,34647.55508066702,,full,64,<local-path-redacted>,full_test,42,9,0.9258521953870705,completed,0.9301685355536158,0.9263439517342696,19482
,pennylane,False,,,gtsrb,13757.723264665983,,full,64,<local-path-redacted>,full_test,42,99,0.9974802236581521,completed,0.9964261402314499,0.9959042635514521,20175
,pennylane,False,,,fer2013,12501.020589665975,,full,64,<local-path-redacted>,full_test,42,96,0.5023468874441044,completed,0.5085470085470085,0.48518659609655285,19419
