epoch,loss,accuracy,val_loss,val_accuracy,val_balanced_accuracy,val_macro_f1,learning_rate,epoch_seconds,train_examples,train_examples_per_second,val_class_0_f1,val_class_0_precision,val_class_0_recall,val_class_0_support,val_class_1_f1,val_class_1_precision,val_class_1_recall,val_class_1_support,val_class_2_f1,val_class_2_precision,val_class_2_recall,val_class_2_support,val_class_3_f1,val_class_3_precision,val_class_3_recall,val_class_3_support,val_class_4_f1,val_class_4_precision,val_class_4_recall,val_class_4_support,val_class_5_f1,val_class_5_precision,val_class_5_recall,val_class_5_support,val_class_6_f1,val_class_6_precision,val_class_6_recall,val_class_6_support
1,1.166972041130066,0.6658970713615417,1.3459808826446533,0.52080237865448,0.440089493570384,0.43849658715925705,0.0003000000142492354,0.4039255829998183,25121.0,62192.148893949365,0.4097902097902098,0.4264919941775837,0.3943472409152086,743.0,0.047058823529411764,0.6666666666666666,0.024390243902439025,82.0,0.3103168155970756,0.41252699784017277,0.24869791666666666,768.0,0.73311427528295,0.7223021582733813,0.7442550037064493,1349.0,0.4064484611626771,0.36651982378854625,0.45614035087719296,912.0,0.6875,0.6785714285714286,0.6966666666666667,600.0,0.4752475247524752,0.44036697247706424,0.5161290322580645,930.0
2,0.6043559908866882,0.823573887348175,1.4744846820831299,0.5170876383781433,0.44828813854077526,0.45776854266636574,0.0003000000142492354,0.10733075000007375,25121.0,234052.2170951264,0.4077669902912621,0.4206008583690987,0.39569313593539707,743.0,0.17204301075268819,0.7272727272727273,0.0975609756097561,82.0,0.34372926343729265,0.35047361299052776,0.3372395833333333,768.0,0.7333581256972852,0.735820895522388,0.7309117865085248,1349.0,0.39649845520082383,0.3737864077669903,0.42214912280701755,912.0,0.6813186813186812,0.6912521440823327,0.6716666666666666,600.0,0.4696652719665272,0.45723014256619143,0.4827956989247312,930.0
3,0.48325249552726746,0.8438756465911865,1.5833677053451538,0.5172734260559082,0.4596026001788894,0.47460695306284834,0.0003000000142492354,0.11220649999995658,25121.0,223881.86067660718,0.407103825136612,0.4133148404993065,0.40107671601615075,743.0,0.2912621359223301,0.7142857142857143,0.18292682926829268,82.0,0.35580524344569286,0.34172661870503596,0.37109375,768.0,0.7314917127071823,0.7269399707174231,0.7361008154188288,1349.0,0.3806911684037301,0.3809001097694841,0.38048245614035087,912.0,0.6809605488850771,0.7014134275618374,0.6616666666666666,600.0,0.474934036939314,0.46632124352331605,0.4838709677419355,930.0
4,0.4352772831916809,0.8544644117355347,1.655347228050232,0.5180163383483887,0.4671573262171233,0.4812289519800209,0.0003000000142492354,0.10642012500011333,25121.0,236054.97550367704,0.4153439153439154,0.4083224967490247,0.4226110363391655,743.0,0.336283185840708,0.6129032258064516,0.23170731707317074,82.0,0.35064935064935066,0.34974093264248707,0.3515625,768.0,0.728471967753756,0.7202898550724638,0.7368421052631579,1349.0,0.38955613577023496,0.37188434695912265,0.40899122807017546,912.0,0.6779089376053963,0.6860068259385665,0.67,600.0,0.4703891708967851,0.49466192170818507,0.4483870967741935,930.0
5,0.4099091589450836,0.8603558540344238,1.7101671695709229,0.5206166505813599,0.4755539505683858,0.4891631446403545,0.0003000000142492354,0.10410762499986959,25121.0,241298.36791523645,0.41184387617765816,0.41184387617765816,0.41184387617765816,743.0,0.38333333333333336,0.6052631578947368,0.2804878048780488,82.0,0.35900870730073675,0.3696551724137931,0.3489583333333333,768.0,0.7289377289377289,0.720492396813903,0.737583395107487,1349.0,0.3862433862433863,0.37321063394683024,0.40021929824561403,912.0,0.6806370494551549,0.684654300168634,0.6766666666666666,600.0,0.4741379310344828,0.47516198704103674,0.4731182795698925,930.0
6,0.39352619647979736,0.8633812069892883,1.7521986961364746,0.5183877944946289,0.4811859931774954,0.495348458667204,0.0003000000142492354,0.10753629200007708,25121.0,233604.85593070285,0.4130879345603272,0.4185082872928177,0.4078061911170929,743.0,0.4409448818897638,0.6222222222222222,0.34146341463414637,82.0,0.3527868852459017,0.35535006605019814,0.3502604166666667,768.0,0.7260774287801314,0.7156227501799856,0.7368421052631579,1349.0,0.38185654008438813,0.3678861788617886,0.3969298245614035,912.0,0.6796610169491525,0.6913793103448276,0.6683333333333333,600.0,0.47302452316076293,0.47955801104972373,0.4666666666666667,930.0
7,0.38259798288345337,0.8674415946006775,1.784937858581543,0.5180163383483887,0.48109074871627916,0.49513045576267806,0.0003000000142492354,0.1063643749998846,25121.0,236178.70175072484,0.411764705882353,0.41863699582753827,0.40511440107671604,743.0,0.4409448818897638,0.6222222222222222,0.34146341463414637,82.0,0.3557567917205692,0.35347043701799485,0.3580729166666667,768.0,0.7311827956989247,0.7314540059347181,0.7309117865085248,1349.0,0.37782561894510225,0.37103594080338265,0.3848684210526316,912.0,0.6740050804403048,0.685025817555938,0.6633333333333333,600.0,0.4744333157617291,0.4653567735263702,0.4838709677419355,930.0
8,0.3741168975830078,0.869949460029602,1.8183008432388306,0.5206166505813599,0.48557645013548517,0.4983145724863563,0.0003000000142492354,0.10446041700015485,25121.0,240483.4359407426,0.41283124128312415,0.4283646888567294,0.3983849259757739,743.0,0.44961240310077516,0.6170212765957447,0.35365853658536583,82.0,0.36129032258064514,0.35805626598465473,0.3645833333333333,768.0,0.7303578015492439,0.7268722466960352,0.7338769458858414,1349.0,0.38335966298051605,0.36879432624113473,0.3991228070175439,912.0,0.6771523178807947,0.6726973684210527,0.6816666666666666,600.0,0.47359825802939576,0.4796030871003308,0.46774193548387094,930.0
9,0.367283433675766,0.8722980618476868,1.842158555984497,0.5161589980125427,0.482666804359821,0.49533625492966077,0.0003000000142492354,0.10456004199977542,25121.0,240254.3028822995,0.4063324538258575,0.3984476067270375,0.414535666218035,743.0,0.4615384615384615,0.625,0.36585365853658536,82.0,0.3580729166666667,0.3580729166666667,0.3580729166666667,768.0,0.7321758404137422,0.7297496318114874,0.7346182357301705,1349.0,0.3620885357548241,0.37529411764705883,0.34978070175438597,912.0,0.6740050804403048,0.685025817555938,0.6633333333333333,600.0,0.47314049586776863,0.4552683896620278,0.4924731182795699,930.0
10,0.3619335889816284,0.8735321164131165,1.859278678894043,0.5195022225379944,0.48546263177580523,0.5002122543532065,0.0003000000142492354,0.10480154200013203,25121.0,239700.67157951122,0.4058782365290413,0.4227405247813411,0.39030955585464333,743.0,0.46511627906976744,0.6382978723404256,0.36585365853658536,82.0,0.3554410817772054,0.35159235668789807,0.359375,768.0,0.7323420074349443,0.7345264727815063,0.7301704966641956,1349.0,0.3868269733403032,0.3696303696303696,0.4057017543859649,912.0,0.6819727891156463,0.6961805555555556,0.6683333333333333,600.0,0.4739084132055378,0.4694092827004219,0.478494623655914,930.0
11,0.35761386156082153,0.8757215142250061,1.8736077547073364,0.5191307663917542,0.48541329061498384,0.49804556750496215,0.0003000000142492354,0.10602583399986543,25121.0,236932.82148605297,0.4079207920792079,0.40025906735751293,0.4158815612382234,743.0,0.4615384615384615,0.625,0.36585365853658536,82.0,0.35653871177618734,0.3563068920676203,0.3567708333333333,768.0,0.7334801762114538,0.7265454545454545,0.7405485544848036,1349.0,0.37282608695652175,0.36961206896551724,0.37609649122807015,912.0,0.6778242677824268,0.680672268907563,0.675,600.0,0.4761904761904762,0.48494983277591974,0.46774193548387094,930.0
12,0.35376784205436707,0.8763982057571411,1.8922984600067139,0.5200594067573547,0.48510804234937427,0.49998504344251193,0.0003000000142492354,0.10532950000015262,25121.0,238499.18588774843,0.4052924791086351,0.4199134199134199,0.3916554508748318,743.0,0.46874999999999994,0.6521739130434783,0.36585365853658536,82.0,0.3558124598587026,0.35107731305449935,0.3606770833333333,768.0,0.7324561403508771,0.722422494592646,0.742772424017791,1349.0,0.3891497130933751,0.3711442786069652,0.40899122807017546,912.0,0.6773920406435223,0.6884681583476764,0.6666666666666666,600.0,0.4710424710424711,0.48357870894677235,0.4591397849462366,930.0
13,0.3502453565597534,0.8778312802314758,1.905147910118103,0.5182020664215088,0.48457708023787494,0.4972258080801336,0.0003000000142492354,0.10503212499997971,25121.0,239174.4430573489,0.4021887824897401,0.4089012517385257,0.39569313593539707,743.0,0.46511627906976744,0.6382978723404256,0.36585365853658536,82.0,0.3565275016567263,0.3630229419703104,0.3502604166666667,768.0,0.7319778188539742,0.7300884955752213,0.7338769458858414,1349.0,0.3707742639040349,0.368763557483731,0.37280701754385964,912.0,0.6766169154228856,0.6732673267326733,0.68,600.0,0.47737909516380655,0.4622356495468278,0.4935483870967742,930.0
14,0.34782496094703674,0.8776720762252808,1.9167671203613281,0.518573522567749,0.48476510682152946,0.49852356815394033,0.0003000000142492354,0.10601029100007509,25121.0,236967.56006435456,0.4056987788331072,0.40902872777017785,0.40242261103633914,743.0,0.46874999999999994,0.6521739130434783,0.36585365853658536,82.0,0.35511551155115517,0.36010709504685406,0.3502604166666667,768.0,0.7315634218289085,0.7278063096111519,0.7353595255744997,1349.0,0.3766720171214553,0.367816091954023,0.38596491228070173,912.0,0.6766917293233082,0.678391959798995,0.675,600.0,0.47517351841964767,0.471898197242842,0.478494623655914,930.0
15,0.3447684943675995,0.8792245388031006,1.9305628538131714,0.5178306102752686,0.48516604160104077,0.4960788152900491,0.0003000000142492354,0.10646645799988619,25121.0,235952.2470450445,0.40187541862022774,0.4,0.4037685060565276,743.0,0.45925925925925926,0.5849056603773585,0.3780487804878049,82.0,0.351063829787234,0.358695652173913,0.34375,768.0,0.7292576419213974,0.7162258756254467,0.742772424017791,1349.0,0.38261791202967677,0.37025641025641026,0.3958333333333333,912.0,0.6778242677824268,0.680672268907563,0.675,600.0,0.4706533776301218,0.4851598173515982,0.45698924731182794,930.0
16,0.3428855836391449,0.8794236183166504,1.9449098110198975,0.5180163383483887,0.48419098314991665,0.49527181660388736,0.0003000000142492354,0.10604529200008983,25121.0,236889.34724210785,0.4041379310344827,0.4144271570014144,0.3943472409152086,743.0,0.45112781954887216,0.5882352941176471,0.36585365853658536,82.0,0.3550065019505852,0.35454545454545455,0.35546875,768.0,0.7298091042584435,0.722909090909091,0.7368421052631579,1349.0,0.37606837606837606,0.36666666666666664,0.38596491228070173,912.0,0.6721854304635762,0.6677631578947368,0.6766666666666666,600.0,0.4785675529028758,0.4830230010952902,0.47419354838709676,930.0
17,0.34034931659698486,0.8796226382255554,1.9575564861297607,0.5172734260559082,0.48561983426214345,0.49620381056380436,0.0003000000142492354,0.10526241700017636,25121.0,238651.17974592882,0.3985915492957746,0.41802067946824223,0.38088829071332436,743.0,0.45255474452554745,0.5636363636363636,0.3780487804878049,82.0,0.36084452975047987,0.35471698113207545,0.3671875,768.0,0.7295081967213115,0.7333333333333333,0.7257227575982209,1349.0,0.375531914893617,0.3646694214876033,0.38706140350877194,912.0,0.6772841575859179,0.6812816188870152,0.6733333333333333,600.0,0.47911158117398206,0.4713839750260146,0.4870967741935484,930.0
18,0.3384369909763336,0.8810954689979553,1.9629169702529907,0.5178306102752686,0.48631319912361304,0.4988856151544379,0.0003000000142492354,0.10525445800021771,25121.0,238669.22577234724,0.4046961325966851,0.4156028368794326,0.3943472409152086,743.0,0.46616541353383456,0.6078431372549019,0.3780487804878049,82.0,0.3618090452261306,0.34951456310679613,0.375,768.0,0.7320163995527393,0.7361319340329835,0.7279466271312083,1349.0,0.3704508419337317,0.36706135629709363,0.37390350877192985,912.0,0.6790540540540542,0.6883561643835616,0.67,600.0,0.4780074191838898,0.47126436781609193,0.48494623655913977,930.0
19,0.33706194162368774,0.8807372450828552,1.9770972728729248,0.5152302980422974,0.483522294177336,0.4960232276000715,0.0003000000142492354,0.10563833299966063,25121.0,237801.93502372573,0.4037685060565276,0.4037685060565276,0.4037685060565276,743.0,0.4626865671641791,0.5961538461538461,0.3780487804878049,82.0,0.35279025016035925,0.347661188369153,0.3580729166666667,768.0,0.7309833024118738,0.7317979197622585,0.7301704966641956,1349.0,0.38264506011500266,0.36563436563436563,0.40131578947368424,912.0,0.6728813559322033,0.6844827586206896,0.6616666666666666,600.0,0.4664075513603554,0.48220436280137774,0.45161290322580644,930.0
20,0.33598920702934265,0.8810954689979553,1.9772204160690308,0.5152302980422974,0.4851214303913816,0.49853653187988584,0.0003000000142492354,0.10545849999971324,25121.0,238207.44653174764,0.4024307900067522,0.4037940379403794,0.40107671601615075,743.0,0.4812030075187971,0.6274509803921569,0.3902439024390244,82.0,0.35524652338811635,0.3452088452088452,0.3658854166666667,768.0,0.7315985130111524,0.7337807606263982,0.7294292068198666,1349.0,0.3700107874865156,0.3641188959660297,0.37609649122807015,912.0,0.6746166950596253,0.6898954703832753,0.66,600.0,0.4746494066882416,0.47619047619047616,0.4731182795698925,930.0
21,0.33355677127838135,0.8819314241409302,1.9908478260040283,0.5180163383483887,0.48853666377234484,0.4974885703461182,0.0003000000142492354,0.10501670799976637,25121.0,239209.55511246732,0.39657631954350925,0.4218512898330804,0.37415881561238223,743.0,0.46153846153846156,0.5409836065573771,0.4024390243902439,82.0,0.35797665369649806,0.35658914728682173,0.359375,768.0,0.7297597042513863,0.7278761061946902,0.7316530763528539,1349.0,0.38756476683937824,0.36738703339882123,0.4100877192982456,912.0,0.6761984861227923,0.6825127334465195,0.67,600.0,0.47280560043080233,0.47357065803667747,0.4720430107526882,930.0
22,0.3323088586330414,0.8814935684204102,1.9954075813293457,0.5169019103050232,0.48850107696845174,0.49814652592720093,0.0003000000142492354,0.10572554200007289,25121.0,237605.78120264146,0.4,0.4002695417789757,0.3997308209959623,743.0,0.4817518248175182,0.6,0.4024390243902439,82.0,0.35648754914809966,0.35883905013192613,0.3541666666666667,768.0,0.7331356560415121,0.7331356560415122,0.7331356560415122,1349.0,0.3653421633554084,0.36777777777777776,0.36293859649122806,912.0,0.6727122835943941,0.6655791190864601,0.68,600.0,0.4775962045334739,0.46845915201654603,0.4870967741935484,930.0
23,0.33128878474235535,0.8821703195571899,2.0056257247924805,0.5178306102752686,0.48557367658603573,0.49742674848489515,0.0003000000142492354,0.10497495900017384,25121.0,239304.68979710105,0.3985915492957746,0.41802067946824223,0.38088829071332436,743.0,0.46616541353383456,0.6078431372549019,0.3780487804878049,82.0,0.36225459151361616,0.3526510480887793,0.3723958333333333,768.0,0.731437015145918,0.7290132547864506,0.7338769458858414,1349.0,0.37330439500813895,0.3694951664876477,0.37719298245614036,912.0,0.6722268557130942,0.672787979966611,0.6716666666666666,600.0,0.4780074191838898,0.47126436781609193,0.48494623655913977,930.0
24,0.3296784460544586,0.8835237622261047,2.0112688541412354,0.5163447260856628,0.48723546824299824,0.4979019107173427,0.0003000000142492354,0.10582345800003168,25121.0,237385.93006469775,0.40138408304498263,0.4131054131054131,0.39030955585464333,743.0,0.4782608695652174,0.5892857142857143,0.4024390243902439,82.0,0.35649935649935643,0.3524173027989822,0.3606770833333333,768.0,0.7302752293577982,0.7231104651162791,0.737583395107487,1349.0,0.3795086251960271,0.3626373626373626,0.3980263157894737,912.0,0.6716791979949875,0.6733668341708543,0.67,600.0,0.4677060133630289,0.48498845265588914,0.45161290322580644,930.0
25,0.32864975929260254,0.88252854347229,2.0161948204040527,0.5159732699394226,0.4843882485430701,0.4961806066131003,0.0003000000142492354,0.10747258299988971,25121.0,233743.33526556983,0.3966597077244259,0.4106628242074928,0.3835800807537012,743.0,0.46969696969696967,0.62,0.3780487804878049,82.0,0.3598161523309258,0.3629139072847682,0.3567708333333333,768.0,0.729490022172949,0.7273397199705232,0.7316530763528539,1349.0,0.37159636946075814,0.36212278876170656,0.3815789473684211,912.0,0.6749174917491749,0.6683006535947712,0.6816666666666666,600.0,0.4710875331564987,0.4649214659685864,0.4774193548387097,930.0
26,0.32724177837371826,0.8843199014663696,2.019726514816284,0.5130015015602112,0.4822201220722247,0.4946399666224332,0.0003000000142492354,0.10548929200012935,25121.0,238137.91450955227,0.39864406779661016,0.4016393442622951,0.39569313593539707,743.0,0.4626865671641791,0.5961538461538461,0.3780487804878049,82.0,0.3527156549520767,0.3462986198243413,0.359375,768.0,0.7313769751693002,0.7425515660809778,0.720533728687917,1349.0,0.37115588547189815,0.3593429158110883,0.38377192982456143,912.0,0.6745562130177515,0.6843910806174958,0.665,600.0,0.47134440278521694,0.4695837780149413,0.4731182795698925,930.0
27,0.3262779116630554,0.8839218020439148,2.0279693603515625,0.5150445699691772,0.48299065571551053,0.4948469500726998,0.0003000000142492354,0.105923791999885,25121.0,237161.0714241355,0.39945652173913043,0.40329218106995884,0.39569313593539707,743.0,0.4626865671641791,0.5961538461538461,0.3780487804878049,82.0,0.3464566929133858,0.3492063492063492,0.34375,768.0,0.7320503330866025,0.7309682187730968,0.7331356560415122,1349.0,0.3772990015764582,0.3622603430877901,0.39364035087719296,912.0,0.674496644295302,0.6790540540540541,0.67,600.0,0.47148288973384034,0.47639956092206365,0.4666666666666667,930.0
28,0.324966162443161,0.8846383690834045,2.035247564315796,0.5157875418663025,0.4866527033723192,0.4949638618525864,0.0003000000142492354,0.10579358299992236,25121.0,237452.9653657579,0.40026954177897567,0.4008097165991903,0.3997308209959623,743.0,0.46478873239436624,0.55,0.4024390243902439,82.0,0.35247524752475246,0.357429718875502,0.34765625,768.0,0.7296011708744968,0.7203757225433526,0.7390659747961453,1349.0,0.3720930232558139,0.3671291355389541,0.37719298245614036,912.0,0.6739130434782609,0.6761744966442953,0.6716666666666666,600.0,0.4716062736614386,0.47442872687704024,0.46881720430107526,930.0
29,0.3235531449317932,0.8846383690834045,2.036583662033081,0.5152302980422974,0.48230299366348134,0.4947806740645128,0.0003000000142492354,0.1049617919998127,25121.0,239334.70952977656,0.3944636678200692,0.405982905982906,0.3835800807537012,743.0,0.45925925925925926,0.5849056603773585,0.3780487804878049,82.0,0.36061381074168797,0.3542713567839196,0.3671875,768.0,0.7291361639824304,0.720173535791757,0.7383246849518161,1349.0,0.3673024523160763,0.36511375947995667,0.36951754385964913,912.0,0.6793103448275862,0.7035714285714286,0.6566666666666666,600.0,0.47337901950448075,0.4643226473629783,0.4827956989247312,930.0
30,0.3228817284107208,0.8857927918434143,2.0491280555725098,0.5122585296630859,0.483419735737239,0.49501318916228954,0.0003000000142492354,0.10514337499989779,25121.0,238921.37759534942,0.39448275862068966,0.4045261669024045,0.38492597577388965,743.0,0.47058823529411764,0.5925925925925926,0.3902439024390244,82.0,0.35871617369414727,0.3471376370280146,0.37109375,768.0,0.7317993210109394,0.7450076804915514,0.7190511489992587,1349.0,0.367828418230563,0.35991605456453307,0.37609649122807015,912.0,0.6745164003364171,0.6808149405772496,0.6683333333333333,600.0,0.4671610169491525,0.4603340292275574,0.47419354838709676,930.0
31,0.32216450572013855,0.8851956725120544,2.0485525131225586,0.5144873857498169,0.48419950577282067,0.4955195816238579,0.0003000000142492354,0.10558229200023561,25121.0,237928.15560344097,0.39892183288409705,0.39946018893387314,0.3983849259757739,743.0,0.47058823529411764,0.5925925925925926,0.3902439024390244,82.0,0.35834411384217335,0.3560411311053985,0.3606770833333333,768.0,0.7285399853264858,0.7211328976034859,0.7361008154188288,1349.0,0.3677663601946998,0.3628601921024546,0.37280701754385964,912.0,0.6756756756756757,0.684931506849315,0.6666666666666666,600.0,0.46880086814975586,0.47316538882803943,0.4645161290322581,930.0
32,0.3203428089618683,0.8861908316612244,2.0519120693206787,0.5137444138526917,0.48341209271869673,0.4938766301254061,0.0003000000142492354,0.1051307910001924,25121.0,238949.97612977176,0.3964334705075446,0.4041958041958042,0.38896366083445494,743.0,0.45925925925925926,0.5849056603773585,0.3780487804878049,82.0,0.36225459151361616,0.3526510480887793,0.3723958333333333,768.0,0.7309417040358744,0.7370007535795027,0.7249814677538917,1349.0,0.3666666666666667,0.35970464135021096,0.37390350877192985,912.0,0.6727122835943941,0.6655791190864601,0.68,600.0,0.46886843530048733,0.4721919302071974,0.46559139784946235,930.0
33,0.3198580741882324,0.8863898515701294,2.0551860332489014,0.5133729577064514,0.48062700369552286,0.49229004447194463,0.0003000000142492354,0.10457124999993539,25121.0,240228.55230300414,0.3910855499640546,0.41975308641975306,0.36608344549125166,743.0,0.45925925925925926,0.5849056603773585,0.3780487804878049,82.0,0.3546734955185659,0.34886649874055414,0.3606770833333333,768.0,0.7273391812865496,0.7173756308579669,0.737583395107487,1349.0,0.3742751713231418,0.3604060913705584,0.3892543859649123,912.0,0.671152228763667,0.6774193548387096,0.665,600.0,0.46824542518837453,0.46875,0.46774193548387094,930.0
34,0.3191349506378174,0.8858723640441895,2.0595662593841553,0.516530454158783,0.4866456411749208,0.4972262126406769,0.0003000000142492354,0.10554583300017839,25121.0,238010.3438091918,0.4016010673782522,0.39814814814814814,0.40511440107671604,743.0,0.47058823529411764,0.5925925925925926,0.3902439024390244,82.0,0.3605924018029619,0.35668789808917195,0.3645833333333333,768.0,0.73306182895224,0.7322485207100592,0.7338769458858414,1349.0,0.36792970895112576,0.36853685368536854,0.3673245614035088,912.0,0.6750208855472013,0.6767169179229481,0.6733333333333333,600.0,0.47178936055883935,0.4715359828141783,0.4720430107526882,930.0
35,0.3183554410934448,0.8868675827980042,2.065467357635498,0.5156017541885376,0.4836365330648585,0.4957054148756619,0.0003000000142492354,0.10519887500004188,25121.0,238795.32932258068,0.3977669225401256,0.41304347826086957,0.3835800807537012,743.0,0.4626865671641791,0.5961538461538461,0.3780487804878049,82.0,0.36189258312020456,0.3555276381909548,0.3684895833333333,768.0,0.7313819933308632,0.7311111111111112,0.7316530763528539,1349.0,0.37652035959809627,0.36363636363636365,0.39035087719298245,912.0,0.6722689075630253,0.6779661016949152,0.6666666666666666,600.0,0.4674205708131395,0.46817691477885653,0.4666666666666667,930.0
36,0.31648334860801697,0.8871859908103943,2.074634552001953,0.5157875418663025,0.48642972360167774,0.4954661742314452,0.0003000000142492354,0.10590524999997797,25121.0,237202.59382802295,0.40589417280643003,0.404,0.4078061911170929,743.0,0.460431654676259,0.5614035087719298,0.3902439024390244,82.0,0.358974358974359,0.35353535353535354,0.3645833333333333,768.0,0.731924360400445,0.7321958456973294,0.7316530763528539,1349.0,0.3681917211328976,0.3658008658008658,0.3706140350877193,912.0,0.6738589211618258,0.6710743801652893,0.6766666666666666,600.0,0.4689880304678999,0.4746696035242291,0.46344086021505376,930.0
37,0.31607991456985474,0.8883005976676941,2.0735137462615967,0.5141158699989319,0.48234057045931644,0.4951655650464445,0.0003000000142492354,0.10608783299994684,25121.0,236794.3551077397,0.39919082939986517,0.4,0.3983849259757739,743.0,0.47328244274809167,0.6326530612244898,0.3780487804878049,82.0,0.35356200527704484,0.3582887700534759,0.3489583333333333,768.0,0.7304860088365245,0.7256766642282371,0.7353595255744997,1349.0,0.37029177718832895,0.35868448098663924,0.3826754385964912,912.0,0.672787979966611,0.6739130434782609,0.6716666666666666,600.0,0.46655791190864604,0.47194719471947194,0.4612903225806452,930.0
38,0.31493431329727173,0.8869471549987793,2.080312728881836,0.5143016576766968,0.48274102650832507,0.49443464360865036,0.0003000000142492354,0.10561666599960517,25121.0,237850.71950760033,0.393006993006993,0.4090247452692867,0.3781965006729475,743.0,0.4626865671641791,0.5961538461538461,0.3780487804878049,82.0,0.36272040302267006,0.35121951219512193,0.375,768.0,0.731039585645579,0.7296898079763663,0.7323943661971831,1349.0,0.3707684040838259,0.3635405690200211,0.3782894736842105,912.0,0.6744769874476987,0.6773109243697479,0.6716666666666666,600.0,0.4663435648896068,0.4670981661272923,0.46559139784946235,930.0
39,0.31382328271865845,0.8880219459533691,2.0815775394439697,0.5141158699989319,0.4849955069408488,0.49432471099501923,0.0003000000142492354,0.10402012499980628,25121.0,241501.34409131677,0.3978127136021873,0.4041666666666667,0.3916554508748318,743.0,0.46715328467153283,0.5818181818181818,0.3902439024390244,82.0,0.3540169823644677,0.35517693315858456,0.3528645833333333,768.0,0.7294990723562151,0.7303120356612184,0.7286879169755375,1349.0,0.3683640303358613,0.3640256959314775,0.37280701754385964,912.0,0.6754098360655738,0.6645161290322581,0.6866666666666666,600.0,0.4680170575692964,0.46405919661733613,0.4720430107526882,930.0
40,0.31318721175193787,0.8872258067131042,2.084650993347168,0.5137444138526917,0.4811798817438674,0.4941303920749032,0.0003000000142492354,0.10535562499990192,25121.0,238440.04532290882,0.3975240715268226,0.40646976090014064,0.38896366083445494,743.0,0.4580152671755725,0.6122448979591837,0.36585365853658536,82.0,0.35471204188481675,0.35657894736842105,0.3528645833333333,768.0,0.7310861423220975,0.7388342165026495,0.7234988880652335,1349.0,0.37923946557040084,0.3568665377176016,0.40460526315789475,912.0,0.674457429048414,0.6755852842809364,0.6733333333333333,600.0,0.46387832699619774,0.46871569703622395,0.4591397849462366,930.0
41,0.31177428364753723,0.8884996771812439,2.0950264930725098,0.5137444138526917,0.48316689906552285,0.4913054836327439,0.0003000000142492354,0.10540629200022522,25121.0,238325.43127450423,0.38961038961038963,0.4199066874027994,0.3633916554508748,743.0,0.4475524475524476,0.5245901639344263,0.3902439024390244,82.0,0.3612662942271881,0.34519572953736655,0.37890625,768.0,0.7279384840717684,0.7192474674384949,0.7368421052631579,1349.0,0.37249593936112607,0.3679144385026738,0.37719298245614036,912.0,0.6739312657166807,0.6779089376053963,0.67,600.0,0.4663435648896068,0.4670981661272923,0.46559139784946235,930.0
42,0.3113456666469574,0.888141393661499,2.096043825149536,0.5167161822319031,0.4876615912373981,0.4968165433321702,0.0003000000142492354,0.10380949999989753,25121.0,241991.3399065095,0.3983286908077994,0.4126984126984127,0.38492597577388965,743.0,0.46478873239436624,0.55,0.4024390243902439,82.0,0.3586387434554974,0.3605263157894737,0.3567708333333333,768.0,0.7325925925925926,0.7320503330866025,0.7331356560415122,1349.0,0.3797071129707113,0.363,0.3980263157894737,912.0,0.6767422334172963,0.6818950930626058,0.6716666666666666,600.0,0.4669176976869284,0.4671689989235737,0.4666666666666667,930.0
43,0.31035786867141724,0.888579249382019,2.0985140800476074,0.5154160261154175,0.486582273463262,0.4966870774719262,0.0003000000142492354,0.10426908299996285,25121.0,240924.7235828184,0.40637450199203184,0.40104849279161203,0.41184387617765816,743.0,0.46715328467153283,0.5818181818181818,0.3902439024390244,82.0,0.35540983606557375,0.3579920739762219,0.3528645833333333,768.0,0.7301349325337332,0.7384382107657316,0.7220163083765753,1349.0,0.36921420882669537,0.36257928118393234,0.37609649122807015,912.0,0.6749792186201165,0.6733001658374793,0.6766666666666666,600.0,0.4735435595938001,0.4707757704569607,0.47634408602150535,930.0
44,0.3088574707508087,0.8896938562393188,2.102010726928711,0.514673113822937,0.48329587353053627,0.4934391055224761,0.0003000000142492354,0.10478483300039443,25121.0,239738.8942720884,0.3909668313338038,0.41097922848664686,0.3728129205921938,743.0,0.45588235294117646,0.5740740740740741,0.3780487804878049,82.0,0.3599476439790576,0.3618421052631579,0.3580729166666667,768.0,0.7301115241635688,0.732289336316182,0.7279466271312083,1349.0,0.37526427061310785,0.3622448979591837,0.3892543859649123,912.0,0.6749174917491749,0.6683006535947712,0.6816666666666666,600.0,0.46698362387744324,0.45898234683281414,0.4752688172043011,930.0
45,0.30804991722106934,0.8894550204277039,2.1056101322174072,0.5150445699691772,0.4849321009761857,0.49461980095843344,0.0003000000142492354,0.10799291700004687,25121.0,232617.1076570614,0.39892183288409705,0.39946018893387314,0.3983849259757739,743.0,0.460431654676259,0.5614035087719298,0.3902439024390244,82.0,0.3523936170212766,0.360054347826087,0.3450520833333333,768.0,0.731924360400445,0.7321958456973294,0.7316530763528539,1349.0,0.3740701381509033,0.3628865979381443,0.38596491228070173,912.0,0.6767169179229481,0.6801346801346801,0.6733333333333333,600.0,0.46788008565310496,0.46588486140724944,0.4698924731182796,930.0
46,0.3074610233306885,0.8898133039474487,2.1134510040283203,0.5131872296333313,0.48188793256264756,0.4925602381507786,0.0003000000142492354,0.10387824999997974,25121.0,241831.1821772594,0.394109396914446,0.41142020497803805,0.3781965006729475,743.0,0.4492753623188406,0.5535714285714286,0.3780487804878049,82.0,0.3575989782886335,0.3508771929824561,0.3645833333333333,768.0,0.7292445774121167,0.7358490566037735,0.7227575982209044,1349.0,0.3769633507853403,0.36072144288577157,0.39473684210526316,912.0,0.6728499156829679,0.6808873720136519,0.665,600.0,0.46788008565310496,0.46588486140724944,0.4698924731182796,930.0
47,0.30614063143730164,0.8903706073760986,2.1140706539154053,0.5150445699691772,0.483387656793988,0.49534368942270424,0.0003000000142492354,0.10461945900033243,25121.0,240117.8541739561,0.3963963963963964,0.4085714285714286,0.38492597577388965,743.0,0.46616541353383456,0.6078431372549019,0.3780487804878049,82.0,0.357096981374438,0.3523447401774398,0.3619791666666667,768.0,0.7315808959644575,0.7307692307692307,0.7323943661971831,1349.0,0.3700107874865156,0.3641188959660297,0.37609649122807015,912.0,0.6766917293233082,0.678391959798995,0.675,600.0,0.46946362187997875,0.46379853095487933,0.4752688172043011,930.0
48,0.3049981892108917,0.8914055824279785,2.1247730255126953,0.516530454158783,0.48840681641008665,0.4947938187258164,0.0003000000142492354,0.10496195799987618,25121.0,239334.33101571558,0.4032809295967191,0.4097222222222222,0.39703903095558546,743.0,0.45517241379310347,0.5238095238095238,0.4024390243902439,82.0,0.3582089552238806,0.35705045278137126,0.359375,768.0,0.7290132547864507,0.7242136064374542,0.7338769458858414,1349.0,0.3710895361380798,0.3651804670912951,0.37719298245614036,912.0,0.674342105263158,0.6655844155844156,0.6833333333333333,600.0,0.4724495362793235,0.4795127353266888,0.46559139784946235,930.0
49,0.3042696714401245,0.8907687067985535,2.128592014312744,0.514673113822937,0.484315509283913,0.4934995783783122,0.0003000000142492354,0.10431487500000003,25121.0,240818.9627797569,0.3918539325842697,0.40969162995594716,0.3755047106325707,743.0,0.4571428571428572,0.5517241379310345,0.3902439024390244,82.0,0.35946462715105165,0.352059925093633,0.3671875,768.0,0.7286764705882353,0.7228300510576222,0.7346182357301705,1349.0,0.3745963401506997,0.3678646934460888,0.3815789473684211,912.0,0.6750208855472013,0.6767169179229481,0.6733333333333333,600.0,0.46774193548387094,0.46774193548387094,0.46774193548387094,930.0
50,0.30311697721481323,0.8920823335647583,2.1236953735351562,0.5156017541885376,0.4820426318189123,0.4945748062666017,0.0003000000142492354,0.10437341700026082,25121.0,240683.88984464528,0.39613526570048313,0.4065155807365439,0.38627187079407804,743.0,0.45112781954887216,0.5882352941176471,0.36585365853658536,82.0,0.35537742150968604,0.36488340192043894,0.3463541666666667,768.0,0.7295690936106982,0.731198808637379,0.7279466271312083,1349.0,0.38347781744008164,0.35843660629170637,0.41228070175438597,912.0,0.6784810126582278,0.6871794871794872,0.67,600.0,0.46785521339816316,0.47014115092290987,0.46559139784946235,930.0
51,0.3024545907974243,0.8919230699539185,2.128324031829834,0.5137444138526917,0.48321912790945737,0.492477850199407,0.0003000000142492354,0.10421254199991381,25121.0,241055.43841374465,0.3920493488690884,0.3994413407821229,0.38492597577388965,743.0,0.460431654676259,0.5614035087719298,0.3902439024390244,82.0,0.35324675324675325,0.35233160621761656,0.3541666666666667,768.0,0.7294031490296594,0.7206946454413893,0.7383246849518161,1349.0,0.36641221374045807,0.3644251626898048,0.3684210526315789,912.0,0.674457429048414,0.6755852842809364,0.6733333333333333,600.0,0.47134440278521694,0.4695837780149413,0.4731182795698925,930.0
52,0.30163782835006714,0.8917240500450134,2.142043352127075,0.5128157734870911,0.4806386232598513,0.49311699579994234,0.0003000000142492354,0.10437112500039802,25121.0,240689.1752858293,0.39945092656142756,0.40756302521008403,0.3916554508748318,743.0,0.45112781954887216,0.5882352941176471,0.36585365853658536,82.0,0.357452071737786,0.3404004711425206,0.3763020833333333,768.0,0.7317620650953984,0.7386706948640483,0.7249814677538917,1349.0,0.36825053995680346,0.3627659574468085,0.37390350877192985,912.0,0.6790855207451313,0.6901893287435457,0.6683333333333333,600.0,0.4646900269541778,0.46594594594594596,0.46344086021505376,930.0
53,0.30044320225715637,0.8929182887077332,2.1457362174987793,0.5137444138526917,0.4798742463346758,0.4918404279223072,0.0003000000142492354,0.10468333399967378,25121.0,239971.34061548216,0.39031339031339035,0.4145234493192133,0.36877523553162855,743.0,0.44776119402985076,0.5769230769230769,0.36585365853658536,82.0,0.36098796706776437,0.35141800246609123,0.37109375,768.0,0.7274725274725274,0.719044170890659,0.7361008154188288,1349.0,0.37650760356581014,0.3608040201005025,0.39364035087719296,912.0,0.6751054852320675,0.6837606837606838,0.6666666666666666,600.0,0.4647348277747403,0.4727474972191324,0.45698924731182794,930.0
54,0.299390971660614,0.8928784728050232,2.1465117931365967,0.5141158699989319,0.4826773175191413,0.4935276281455003,0.0003000000142492354,0.10479091700017307,25121.0,239724.97539990523,0.40268456375838924,0.40160642570281124,0.4037685060565276,743.0,0.45588235294117646,0.5740740740740741,0.3780487804878049,82.0,0.350597609561753,0.35772357723577236,0.34375,768.0,0.7318518518518519,0.7313101406365655,0.7323943661971831,1349.0,0.37643378519290926,0.3588469184890656,0.3958333333333333,912.0,0.6767169179229481,0.6801346801346801,0.6733333333333333,600.0,0.4605263157894736,0.4697986577181208,0.45161290322580644,930.0
55,0.29872119426727295,0.8933163285255432,2.1464641094207764,0.5128157734870911,0.48482453288152433,0.4923188340874862,0.0003000000142492354,0.10530466700038232,25121.0,238555.42888625053,0.39784221173297374,0.39864864864864863,0.39703903095558546,743.0,0.46153846153846156,0.5409836065573771,0.4024390243902439,82.0,0.3517915309446254,0.3520208604954368,0.3515625,768.0,0.730299667036626,0.7289512555391433,0.7316530763528539,1349.0,0.3642347778387274,0.36443468715697036,0.36403508771929827,912.0,0.6727574750830565,0.6705298013245033,0.675,600.0,0.46776771443793286,0.4635691657866948,0.4720430107526882,930.0
56,0.2979333996772766,0.893794059753418,2.153022289276123,0.5156017541885376,0.48324497656691084,0.4933515650085231,0.0003000000142492354,0.1047787919997063,25121.0,239752.71637098485,0.3932820153953814,0.4096209912536443,0.3781965006729475,743.0,0.4492753623188406,0.5535714285714286,0.3780487804878049,82.0,0.3556132381570409,0.35446313065976714,0.3567708333333333,768.0,0.7306843267108168,0.7253469685902119,0.7361008154188288,1349.0,0.37717908082408874,0.363914373088685,0.39144736842105265,912.0,0.6778523489932886,0.6824324324324325,0.6733333333333333,600.0,0.4695745826602046,0.4703344120819849,0.46881720430107526,930.0
57,0.29631200432777405,0.8938338160514832,2.155202627182007,0.5143016576766968,0.48558612957347247,0.49405257327467345,0.0003000000142492354,0.10452054200004568,25121.0,240345.0988609399,0.3920220082530949,0.4008438818565401,0.3835800807537012,743.0,0.4714285714285715,0.5689655172413793,0.4024390243902439,82.0,0.35704874835309613,0.36133333333333334,0.3528645833333333,768.0,0.7300073367571533,0.7225853304284677,0.737583395107487,1349.0,0.3675027262813522,0.36550976138828634,0.36951754385964913,912.0,0.6732673267326733,0.6666666666666666,0.68,600.0,0.46709129511677283,0.4612159329140461,0.4731182795698925,930.0
58,0.2953960597515106,0.8941522836685181,2.158778667449951,0.514673113822937,0.4835393988037046,0.4927689087713735,0.0003000000142492354,0.10765304099959394,25121.0,233351.51303431136,0.39698836413415467,0.403899721448468,0.39030955585464333,743.0,0.45255474452554745,0.5636363636363636,0.3780487804878049,82.0,0.35537742150968604,0.36488340192043894,0.3463541666666667,768.0,0.7296392711044999,0.732089552238806,0.7272053372868792,1349.0,0.37333333333333335,0.363447559709242,0.38377192982456143,912.0,0.6721446179129005,0.6628849270664505,0.6816666666666666,600.0,0.4693446088794926,0.46153846153846156,0.4774193548387097,930.0
59,0.2950112223625183,0.8941522836685181,2.162000894546509,0.5161589980125427,0.4828840404360165,0.49566858918163526,0.0003000000142492354,0.10451774999955887,25121.0,240351.51924056944,0.4030054644808744,0.4091539528432732,0.39703903095558546,743.0,0.4545454545454546,0.6,0.36585365853658536,82.0,0.3574631646380525,0.35182849936948296,0.36328125,768.0,0.7318518518518519,0.7313101406365655,0.7323943661971831,1349.0,0.3758602435150874,0.3633572159672467,0.3892543859649123,912.0,0.6790540540540542,0.6883561643835616,0.67,600.0,0.4678998911860718,0.473568281938326,0.46236559139784944,930.0
60,0.2936965227127075,0.8943513631820679,2.1751797199249268,0.5144873857498169,0.4883292425885392,0.4947682825354917,0.0003000000142492354,0.10518020800009253,25121.0,238837.7098472547,0.3975493533015657,0.4022038567493113,0.39300134589502017,743.0,0.46896551724137925,0.5396825396825397,0.4146341463414634,82.0,0.3550295857988166,0.35856573705179284,0.3515625,768.0,0.7292284866468844,0.7297698589458055,0.7286879169755375,1349.0,0.37128980032379916,0.3655685441020191,0.37719298245614036,912.0,0.6726825266611977,0.6623586429725363,0.6833333333333333,600.0,0.468632707774799,0.46737967914438505,0.4698924731182796,930.0
61,0.2925984263420105,0.8956251740455627,2.173732280731201,0.5141158699989319,0.4830795773343287,0.4933282363081468,0.0003000000142492354,0.10491675000002942,25121.0,239437.45874698707,0.394700139470014,0.40955137481910275,0.38088829071332436,743.0,0.45588235294117646,0.5740740740740741,0.3780487804878049,82.0,0.35939470365699866,0.3484107579462103,0.37109375,768.0,0.7296392711044999,0.732089552238806,0.7272053372868792,1349.0,0.3756071235833784,0.3698193411264612,0.3815789473684211,912.0,0.6710853355426677,0.6672158154859967,0.675,600.0,0.46698872785829304,0.4662379421221865,0.46774193548387094,930.0
62,0.2916857600212097,0.8956251740455627,2.1769826412200928,0.5135586857795715,0.4807901287362372,0.4915972253288216,0.0003000000142492354,0.10449220800001058,25121.0,240410.27059163546,0.39587628865979385,0.4044943820224719,0.3876177658142665,743.0,0.45112781954887216,0.5882352941176471,0.36585365853658536,82.0,0.3565495207667731,0.35006273525721454,0.36328125,768.0,0.7311827956989247,0.7314540059347181,0.7309117865085248,1349.0,0.359752670039348,0.3690888119953864,0.3508771929824561,912.0,0.6761032472939217,0.6755407653910149,0.6766666666666666,600.0,0.47058823529411764,0.4523809523809524,0.49032258064516127,930.0
63,0.29089102149009705,0.8953465223312378,2.1791439056396484,0.5143016576766968,0.4820407536736992,0.49286821277849097,0.0003000000142492354,0.10669479199987109,25121.0,235447.29343518804,0.38966480446927376,0.40493468795355586,0.3755047106325707,743.0,0.45588235294117646,0.5740740740740741,0.3780487804878049,82.0,0.35789473684210527,0.3617021276595745,0.3541666666666667,768.0,0.7290132547864507,0.7242136064374542,0.7338769458858414,1349.0,0.3709327548806941,0.3669527896995708,0.375,912.0,0.6790227464195451,0.686541737649063,0.6716666666666666,600.0,0.4676668391101914,0.4506480558325025,0.4860215053763441,930.0
64,0.28956446051597595,0.8966203331947327,2.1876866817474365,0.5139301419258118,0.4825265008142625,0.492796898888142,0.0003000000142492354,0.10468895799976963,25121.0,239958.44910458731,0.3924581005586592,0.40783744557329465,0.3781965006729475,743.0,0.45588235294117646,0.5740740740740741,0.3780487804878049,82.0,0.3582853486884197,0.3522012578616352,0.3645833333333333,768.0,0.7290203327171904,0.7271386430678466,0.7309117865085248,1349.0,0.3724434876210979,0.3657505285412262,0.3793859649122807,912.0,0.6738589211618258,0.6710743801652893,0.6766666666666666,600.0,0.46762974852862493,0.4653887113951012,0.4698924731182796,930.0
65,0.2883041501045227,0.8971776366233826,2.2046828269958496,0.5137444138526917,0.483285916243022,0.4912269353517065,0.0003000000142492354,0.10491554200007158,25121.0,239440.21563538088,0.40081799591002043,0.40607734806629836,0.39569313593539707,743.0,0.45588235294117646,0.5740740740740741,0.3780487804878049,82.0,0.3575989782886335,0.3508771929824561,0.3645833333333333,768.0,0.729143697170158,0.7230320699708455,0.7353595255744997,1349.0,0.3639417693169093,0.3718535469107552,0.35635964912280704,912.0,0.6666666666666666,0.6434108527131783,0.6916666666666667,600.0,0.46453708716838116,0.4678298800436205,0.4612903225806452,930.0
66,0.28762730956077576,0.8961426615715027,2.1964523792266846,0.512444257736206,0.4815670528273965,0.49154796722075966,0.0003000000142492354,0.10544387500021912,25121.0,238240.48575555286,0.3948087431693989,0.40083217753120665,0.38896366083445494,743.0,0.45588235294117646,0.5740740740740741,0.3780487804878049,82.0,0.35384615384615387,0.3484848484848485,0.359375,768.0,0.7285502958579881,0.7269372693726938,0.7301704966641956,1349.0,0.3656387665198238,0.3672566371681416,0.36403508771929827,912.0,0.6760797342192691,0.6738410596026491,0.6783333333333333,600.0,0.4660297239915075,0.46016771488469604,0.4720430107526882,930.0
67,0.2861608862876892,0.8971776366233826,2.207106113433838,0.5148588418960571,0.4855226560428455,0.49426058399079376,0.0003000000142492354,0.10372270800007755,25121.0,242193.8308820593,0.39603960396039606,0.4172876304023845,0.3768506056527591,743.0,0.4571428571428572,0.5517241379310345,0.3902439024390244,82.0,0.36658354114713215,0.35167464114832536,0.3828125,768.0,0.7289581015943641,0.7292284866468842,0.7286879169755375,1349.0,0.37337662337662336,0.3685897435897436,0.3782894736842105,912.0,0.67328370554177,0.6683087027914614,0.6783333333333333,600.0,0.4644396551724138,0.4654427645788337,0.46344086021505376,930.0
68,0.28517451882362366,0.8978145718574524,2.202873945236206,0.5135586857795715,0.48325743110169256,0.4930869527939548,0.0003000000142492354,0.10425454200003514,25121.0,240958.32678437675,0.38935574229691877,0.4058394160583942,0.37415881561238223,743.0,0.46715328467153283,0.5818181818181818,0.3902439024390244,82.0,0.3563068920676203,0.35584415584415585,0.3567708333333333,768.0,0.7295412844036696,0.7223837209302325,0.7368421052631579,1349.0,0.3681048607318405,0.36670293797606096,0.36951754385964913,912.0,0.6766169154228856,0.6732673267326733,0.68,600.0,0.46452968996321603,0.45426515930113054,0.4752688172043011,930.0
69,0.28438568115234375,0.8969786167144775,2.213301658630371,0.5152302980422974,0.48947677408568613,0.49630845742210766,0.0003000000142492354,0.10501079200003005,25121.0,239223.03147654395,0.390482855143457,0.4067055393586006,0.3755047106325707,743.0,0.47619047619047616,0.5384615384615384,0.4268292682926829,82.0,0.3626026531901453,0.3521472392638037,0.3736979166666667,768.0,0.7305433186490455,0.7236363636363636,0.737583395107487,1349.0,0.3684210526315789,0.3684210526315789,0.3684210526315789,912.0,0.6767169179229481,0.6801346801346801,0.6733333333333333,600.0,0.46920192822710227,0.46744930629669157,0.47096774193548385,930.0
70,0.2830953896045685,0.8990883827209473,2.214914083480835,0.5161589980125427,0.4826758093056969,0.49455891549347974,0.0003000000142492354,0.10530000000017026,25121.0,238566.0018989495,0.40239840106595604,0.39841688654353563,0.4064602960969044,743.0,0.45112781954887216,0.5882352941176471,0.36585365853658536,82.0,0.35600762873490144,0.34782608695652173,0.3645833333333333,768.0,0.7298682284040995,0.7208966015907448,0.7390659747961453,1349.0,0.3664804469273743,0.3735763097949886,0.35964912280701755,912.0,0.6836734693877551,0.6979166666666666,0.67,600.0,0.47235641438539994,0.4715969989281886,0.4731182795698925,930.0
71,0.2821578085422516,0.899804949760437,2.2187700271606445,0.5150445699691772,0.486578006823649,0.49617985325741004,0.0003000000142492354,0.11251895800023703,25121.0,223260.15496825948,0.3994583615436696,0.4019073569482289,0.39703903095558546,743.0,0.4714285714285715,0.5689655172413793,0.4024390243902439,82.0,0.3537953795379538,0.35876840696117807,0.3489583333333333,768.0,0.729359496482784,0.7285502958579881,0.7301704966641956,1349.0,0.37239165329052965,0.36363636363636365,0.3815789473684211,912.0,0.6761744966442953,0.6807432432432432,0.6716666666666666,600.0,0.47065101387406616,0.4671610169491525,0.47419354838709676,930.0
72,0.2811383008956909,0.8993670344352722,2.223907470703125,0.5154160261154175,0.489020690540474,0.49746661879061715,0.0003000000142492354,0.10474416699980793,25121.0,239831.97078693713,0.4013559322033899,0.40437158469945356,0.3983849259757739,743.0,0.4822695035460993,0.576271186440678,0.4146341463414634,82.0,0.35340833884844475,0.35935397039030953,0.34765625,768.0,0.7303703703703703,0.7298297557364914,0.7309117865085248,1349.0,0.37191854233654875,0.3637316561844864,0.38048245614035087,912.0,0.6754530477759472,0.6677524429967426,0.6833333333333333,600.0,0.4674905964535196,0.4672395273899033,0.46774193548387094,930.0
73,0.2798040211200714,0.899605929851532,2.230738401412964,0.5137444138526917,0.48215094049246915,0.4927731167127127,0.0003000000142492354,0.10445100000015373,25121.0,240505.11723164955,0.396914446002805,0.4143484626647145,0.38088829071332436,743.0,0.4444444444444445,0.5660377358490566,0.36585365853658536,82.0,0.36248415716096316,0.3530864197530864,0.3723958333333333,768.0,0.7288454306130123,0.7396946564885496,0.7183098591549296,1349.0,0.37453971593897945,0.35995955510616784,0.39035087719298245,912.0,0.6765922249793217,0.6715927750410509,0.6816666666666666,600.0,0.46559139784946235,0.46559139784946235,0.46559139784946235,930.0
74,0.2795422375202179,0.9003622531890869,2.2306413650512695,0.5143016576766968,0.48080031988108407,0.4919635225774749,0.0003000000142492354,0.104531582999698,25121.0,240319.71275200698,0.39606741573033705,0.41409691629955947,0.3795423956931359,743.0,0.4444444444444445,0.5660377358490566,0.36585365853658536,82.0,0.35857605177993523,0.3564993564993565,0.3606770833333333,768.0,0.7292126563649741,0.7238860482103725,0.7346182357301705,1349.0,0.3727560718057022,0.3594704684317719,0.38706140350877194,912.0,0.6784214945424013,0.6835871404399323,0.6733333333333333,600.0,0.46426652337452984,0.4640171858216971,0.4645161290322581,930.0
75,0.27806973457336426,0.900003969669342,2.2386977672576904,0.5161589980125427,0.4871073101817274,0.4968468925912251,0.0003000000142492354,0.10455533399999695,25121.0,240265.12124193236,0.3983516483516484,0.4067321178120617,0.39030955585464333,743.0,0.4714285714285715,0.5689655172413793,0.4024390243902439,82.0,0.35832780358327804,0.36535859269282817,0.3515625,768.0,0.7304155939683707,0.7248175182481752,0.7361008154188288,1349.0,0.3763102725366877,0.3604417670682731,0.39364035087719296,912.0,0.6767169179229481,0.6801346801346801,0.6733333333333333,600.0,0.4663774403470715,0.47045951859956237,0.46236559139784944,930.0
76,0.27686771750450134,0.9013175964355469,2.2390685081481934,0.514673113822937,0.48606761774117874,0.49480366122346053,0.0003000000142492354,0.10509354199984955,25121.0,239034.66875287125,0.40081245768449564,0.4032697547683924,0.3983849259757739,743.0,0.460431654676259,0.5614035087719298,0.3902439024390244,82.0,0.3594771241830066,0.36089238845144356,0.3580729166666667,768.0,0.7301467820850583,0.7415902140672783,0.7190511489992587,1349.0,0.36913113869400965,0.36344314558979807,0.375,912.0,0.6710526315789473,0.6623376623376623,0.68,600.0,0.47257383966244726,0.463768115942029,0.4817204301075269,930.0
77,0.2758639454841614,0.9019147157669067,2.24796462059021,0.5161589980125427,0.4874021265349761,0.4968053576453847,0.0003000000142492354,0.10503904100005457,25121.0,239158.69528918253,0.3945017182130584,0.40308988764044945,0.38627187079407804,743.0,0.4714285714285715,0.5689655172413793,0.4024390243902439,82.0,0.3604424202992843,0.3602080624187256,0.3606770833333333,768.0,0.7307692307692308,0.7291512915129151,0.7323943661971831,1349.0,0.3720676486633933,0.3702497285559175,0.37390350877192985,912.0,0.6772841575859179,0.6812816188870152,0.6733333333333333,600.0,0.4711437565582371,0.4600409836065574,0.4827956989247312,930.0
78,0.27475249767303467,0.9021933674812317,2.2525486946105957,0.5141158699989319,0.4806017728137211,0.4924172402025527,0.0003000000142492354,0.10447312499991313,25121.0,240454.183791486,0.39586206896551723,0.40594059405940597,0.38627187079407804,743.0,0.4444444444444445,0.5660377358490566,0.36585365853658536,82.0,0.3569152326322498,0.3495630461922597,0.3645833333333333,768.0,0.7301704966641956,0.7301704966641956,0.7301704966641956,1349.0,0.3710113574905354,0.3660618996798292,0.37609649122807015,912.0,0.6780529461998291,0.6952714535901926,0.6616666666666666,600.0,0.4704641350210971,0.4616977225672878,0.47956989247311826,930.0
79,0.2741725444793701,0.9014768600463867,2.250515937805176,0.5157875418663025,0.4853483064968947,0.4951467127920771,0.0003000000142492354,0.10395862500035946,25121.0,241644.21181901105,0.39634574841883347,0.4147058823529412,0.3795423956931359,743.0,0.460431654676259,0.5614035087719298,0.3902439024390244,82.0,0.3567052416609938,0.37375178316690444,0.3411458333333333,768.0,0.728750923872875,0.7266028002947679,0.7309117865085248,1349.0,0.3773584905660378,0.35271687321258344,0.4057017543859649,912.0,0.6783042394014963,0.6766169154228856,0.68,600.0,0.468130690948045,0.4663820704375667,0.4698924731182796,930.0
80,0.2728698253631592,0.9029895067214966,2.2705681324005127,0.5154160261154175,0.484676279384021,0.492832803163187,0.0003000000142492354,0.10452879099966594,25121.0,240326.13177435758,0.4057403783431181,0.39367088607594936,0.4185733512786003,743.0,0.45255474452554745,0.5636363636363636,0.3780487804878049,82.0,0.35871617369414727,0.3471376370280146,0.37109375,768.0,0.7308678139875504,0.7221418234442837,0.7398072646404744,1349.0,0.363118952760387,0.37751479289940826,0.34978070175438597,912.0,0.6699426699426699,0.6586151368760065,0.6816666666666666,600.0,0.4688888888888889,0.4850574712643678,0.45376344086021503,930.0
81,0.27157464623451233,0.9042633771896362,2.2580173015594482,0.5152302980422974,0.4831784299236861,0.49332707461052516,0.0003000000142492354,0.10645004199977848,25121.0,235988.63399276327,0.4029952348536419,0.40771349862258954,0.3983849259757739,743.0,0.45255474452554745,0.5636363636363636,0.3780487804878049,82.0,0.35662965382103196,0.3577981651376147,0.35546875,768.0,0.7289377289377289,0.720492396813903,0.737583395107487,1349.0,0.3698113207547169,0.3637327677624602,0.37609649122807015,912.0,0.6739312657166807,0.6779089376053963,0.67,600.0,0.4684295736643281,0.47020585048754066,0.4666666666666667,930.0
82,0.2702670395374298,0.9037060737609863,2.2730050086975098,0.5154160261154175,0.4819833554174488,0.49108898632414316,0.0003000000142492354,0.10358895800027312,25121.0,242506.54205763675,0.3971830985915493,0.41654357459379615,0.3795423956931359,743.0,0.4411764705882353,0.5555555555555556,0.36585365853658536,82.0,0.3610243597751405,0.3469387755102041,0.3763020833333333,768.0,0.727735368956743,0.7139800285306704,0.7420311341734618,1349.0,0.367392518146287,0.3742889647326507,0.3607456140350877,912.0,0.674361088211047,0.66721044045677,0.6816666666666666,600.0,0.46875,0.46976241900647947,0.46774193548387094,930.0
83,0.2692413330078125,0.9041041135787964,2.2709100246429443,0.5139301419258118,0.48151771615859573,0.4921777997129922,0.0003000000142492354,0.1054796250000436,25121.0,238159.73938084836,0.39812959251837005,0.3952254641909814,0.40107671601615075,743.0,0.4444444444444445,0.5660377358490566,0.36585365853658536,82.0,0.356181934657271,0.3505674653215637,0.3619791666666667,768.0,0.7307979120059657,0.7351837959489872,0.72646404744255,1349.0,0.36554389839867485,0.3681868743047831,0.36293859649122806,912.0,0.6778805719091673,0.6842105263157895,0.6716666666666666,600.0,0.4722662440570523,0.46417445482866043,0.4806451612903226,930.0
84,0.2682713270187378,0.9038652777671814,2.2857985496520996,0.5141158699989319,0.48367553615141406,0.4935232944388618,0.0003000000142492354,0.10449887499999022,25121.0,240394.93248135303,0.4026578073089701,0.39763779527559057,0.4078061911170929,743.0,0.45255474452554745,0.5636363636363636,0.3780487804878049,82.0,0.3550913838120104,0.35602094240837695,0.3541666666666667,768.0,0.7291666666666667,0.7318894697535474,0.72646404744255,1349.0,0.37578947368421056,0.36133603238866396,0.39144736842105265,912.0,0.6749585406301825,0.6716171617161716,0.6783333333333333,600.0,0.4644444444444445,0.4804597701149425,0.44946236559139785,930.0
85,0.2661662995815277,0.9054973721504211,2.291256904602051,0.5135586857795715,0.48238613150176085,0.4909978085436779,0.0003000000142492354,0.10474045900036799,25121.0,239840.4612673288,0.3997308209959623,0.3997308209959623,0.3997308209959623,743.0,0.4411764705882353,0.5555555555555556,0.36585365853658536,82.0,0.36679058240396534,0.34988179669030733,0.3854166666666667,768.0,0.7289021657953697,0.7343867569601203,0.7234988880652335,1349.0,0.35599078341013823,0.375,0.33881578947368424,912.0,0.6738056013179571,0.6661237785016286,0.6816666666666666,600.0,0.4705882352941177,0.459958932238193,0.4817204301075269,930.0
86,0.2659968137741089,0.9053381681442261,2.300374984741211,0.5150445699691772,0.48497023122566596,0.4954166843036081,0.0003000000142492354,0.10568470799989882,25121.0,237697.58629625064,0.39999999999999997,0.4101838755304102,0.39030955585464333,743.0,0.463768115942029,0.5714285714285714,0.3902439024390244,82.0,0.3572815533980583,0.3552123552123552,0.359375,768.0,0.7296200663961638,0.7261380323054332,0.7331356560415122,1349.0,0.37526427061310785,0.3622448979591837,0.3892543859649123,912.0,0.6778523489932886,0.6824324324324325,0.6733333333333333,600.0,0.46413043478260874,0.46923076923076923,0.4591397849462366,930.0
87,0.26394641399383545,0.9067314267158508,2.2935967445373535,0.5148588418960571,0.4832324738659031,0.4929487077054367,0.0003000000142492354,0.1067036670001471,25121.0,235427.7102769614,0.4005505849965588,0.4098591549295775,0.3916554508748318,743.0,0.45588235294117646,0.5740740740740741,0.3780487804878049,82.0,0.3543307086614173,0.35714285714285715,0.3515625,768.0,0.7278020378457061,0.7147962830593281,0.7412898443291327,1349.0,0.37664387164650187,0.3619817997977755,0.3925438596491228,912.0,0.6770747740345111,0.6677471636952999,0.6866666666666666,600.0,0.45835662381218556,0.47729918509895225,0.44086021505376344,930.0
88,0.26336008310317993,0.9069304466247559,2.3033721446990967,0.5148588418960571,0.4832355069643112,0.4939532205227615,0.0003000000142492354,0.10851829200009888,25121.0,231490.9268934781,0.40326975476839244,0.40827586206896554,0.3983849259757739,743.0,0.45255474452554745,0.5636363636363636,0.3780487804878049,82.0,0.35662965382103196,0.3577981651376147,0.35546875,768.0,0.7296898079763663,0.7270051508462104,0.7323943661971831,1349.0,0.3731501057082452,0.36020408163265305,0.38706140350877194,912.0,0.6773378264532435,0.6848381601362862,0.67,600.0,0.46504065040650405,0.46885245901639344,0.4612903225806452,930.0
89,0.2624375522136688,0.9070897102355957,2.3041749000549316,0.5156017541885376,0.4854383435578763,0.4940625442962036,0.0003000000142492354,0.1059642499999427,25121.0,237070.52142598646,0.40614562458249837,0.40318302387267907,0.40915208613728127,743.0,0.45255474452554745,0.5636363636363636,0.3780487804878049,82.0,0.3582853486884197,0.3522012578616352,0.3645833333333333,768.0,0.7303830420230569,0.7328358208955223,0.7279466271312083,1349.0,0.3657718120805369,0.3732876712328767,0.35855263157894735,912.0,0.6759639048400328,0.6655896607431341,0.6866666666666666,600.0,0.4693333333333333,0.4656084656084656,0.4731182795698925,930.0
90,0.2613096833229065,0.9071692824363708,2.320560932159424,0.5141158699989319,0.48642187131398407,0.4965875617187135,0.0003000000142492354,0.10537420899981953,25121.0,238397.9935739591,0.4002704530087898,0.40217391304347827,0.3983849259757739,743.0,0.47482014388489213,0.5789473684210527,0.4024390243902439,82.0,0.3599493029150824,0.3506172839506173,0.3697916666666667,768.0,0.7290969899665553,0.7309985096870343,0.7272053372868792,1349.0,0.3653421633554084,0.36777777777777776,0.36293859649122806,912.0,0.6784810126582278,0.6871794871794872,0.67,600.0,0.4681528662420382,0.46226415094339623,0.47419354838709676,930.0
91,0.2601505517959595,0.9077664017677307,2.3252203464508057,0.5154160261154175,0.4851050988018456,0.49443280583941007,0.0003000000142492354,0.10653649999994741,25121.0,235797.12117454957,0.3928571428571428,0.4185692541856925,0.37012113055181695,743.0,0.460431654676259,0.5614035087719298,0.3902439024390244,82.0,0.3621134020618556,0.35841836734693877,0.3658854166666667,768.0,0.728944464876793,0.7233576642335766,0.7346182357301705,1349.0,0.3757255936675462,0.3621566632756867,0.39035087719298245,912.0,0.674937965260546,0.6699507389162561,0.68,600.0,0.46601941747572817,0.4675324675324675,0.4645161290322581,930.0
92,0.2586192190647125,0.9086023569107056,2.3184814453125,0.5144873857498169,0.4866388617469611,0.49741473395519653,0.0003000000142492354,0.10543241699997452,25121.0,238266.3768393555,0.4002704530087898,0.40217391304347827,0.3983849259757739,743.0,0.47482014388489213,0.5789473684210527,0.4024390243902439,82.0,0.3571428571428571,0.35621761658031087,0.3580729166666667,768.0,0.7293148633470611,0.7367624810892587,0.7220163083765753,1349.0,0.3700107874865156,0.3641188959660297,0.37609649122807015,912.0,0.6796941376380629,0.6932409012131716,0.6666666666666666,600.0,0.47064989517819705,0.4591002044989775,0.4827956989247312,930.0
93,0.2576914131641388,0.9086421728134155,2.3386430740356445,0.5172734260559082,0.4876309219726063,0.4967359599664274,0.0003000000142492354,0.1053754590002427,25121.0,238395.16561386595,0.3968816442239546,0.41916167664670656,0.3768506056527591,743.0,0.463768115942029,0.5714285714285714,0.3902439024390244,82.0,0.3623283191628515,0.3639947437582129,0.3606770833333333,768.0,0.7310704960835508,0.7357357357357357,0.72646404744255,1349.0,0.37226666666666663,0.3624091381100727,0.3826754385964912,912.0,0.6759410801963994,0.6639871382636656,0.6883333333333334,600.0,0.4748953974895398,0.4623217922606925,0.4881720430107527,930.0
94,0.25688377022743225,0.9103937149047852,2.3419559001922607,0.5161589980125427,0.48474897508397935,0.49426432421325456,0.0003000000142492354,0.10585624999976062,25121.0,237312.39298630744,0.39804469273743015,0.41364296081277213,0.3835800807537012,743.0,0.45255474452554745,0.5636363636363636,0.3780487804878049,82.0,0.36155315085932527,0.35367372353673726,0.3697916666666667,768.0,0.7306137449467107,0.7244897959183674,0.7368421052631579,1349.0,0.3680175246440306,0.3676148796498906,0.3684210526315789,912.0,0.6826843413421707,0.6787479406919276,0.6866666666666666,600.0,0.4663820704375667,0.4629237288135593,0.4698924731182796,930.0
95,0.2553171217441559,0.9100752472877502,2.3419806957244873,0.516530454158783,0.49131140665818585,0.49870082837734003,0.0003000000142492354,0.1049567080003726,25121.0,239346.30266710365,0.3977669225401256,0.41304347826086957,0.3835800807537012,743.0,0.4861111111111111,0.5645161290322581,0.4268292682926829,82.0,0.3584784010315925,0.3550446998722861,0.3619791666666667,768.0,0.7296800294225819,0.724087591240876,0.7353595255744997,1349.0,0.3674138873701476,0.366412213740458,0.3684210526315789,912.0,0.6804293971924029,0.67430441898527,0.6866666666666666,600.0,0.47102604997341835,0.4658254468980021,0.47634408602150535,930.0
96,0.25474900007247925,0.9096771478652954,2.344031572341919,0.5161589980125427,0.4865411182341243,0.49518746740697056,0.0003000000142492354,0.10612274999994042,25121.0,236716.4439294506,0.4057971014492754,0.4164305949008499,0.39569313593539707,743.0,0.463768115942029,0.5714285714285714,0.3902439024390244,82.0,0.35570032573289906,0.3559322033898305,0.35546875,768.0,0.7300884955752212,0.7263389581804842,0.7338769458858414,1349.0,0.371614301191766,0.367237687366167,0.37609649122807015,912.0,0.6721044045676998,0.65814696485623,0.6866666666666666,600.0,0.4672395273899033,0.4667381974248927,0.46774193548387094,930.0
97,0.253121554851532,0.9095975756645203,2.3468680381774902,0.5174591541290283,0.48409428108030106,0.49512828264112674,0.0003000000142492354,0.10460899999998219,25121.0,240141.8615989473,0.39777468706536856,0.4115107913669065,0.38492597577388965,743.0,0.4444444444444445,0.5660377358490566,0.36585365853658536,82.0,0.36182902584493043,0.3684210526315789,0.35546875,768.0,0.7307121661721068,0.7312546399406088,0.7301704966641956,1349.0,0.3799582463465554,0.36254980079681276,0.3991228070175439,912.0,0.6828451882845189,0.6857142857142857,0.68,600.0,0.46833422032996275,0.4636459430979979,0.4731182795698925,930.0
98,0.2513975203037262,0.9115480780601501,2.3487250804901123,0.5170876383781433,0.4861285409034564,0.4955908616539944,0.0003000000142492354,0.10529483299978892,25121.0,238577.7087471173,0.40713813615333777,0.4,0.414535666218035,743.0,0.45588235294117646,0.5740740740740741,0.3780487804878049,82.0,0.35479632063074906,0.35809018567639256,0.3515625,768.0,0.7309833024118738,0.7317979197622585,0.7301704966641956,1349.0,0.36943375481033536,0.37045203969129,0.3684210526315789,912.0,0.6754748142031379,0.6693944353518821,0.6816666666666666,600.0,0.47542735042735046,0.4723991507430998,0.478494623655914,930.0
99,0.2510039508342743,0.9115480780601501,2.359631299972534,0.5139301419258118,0.48711246988567325,0.4963889678234579,0.0003000000142492354,0.10457366599985107,25121.0,240223.00222348305,0.40054869684499317,0.4083916083916084,0.39300134589502017,743.0,0.4714285714285715,0.5689655172413793,0.4024390243902439,82.0,0.3580729166666667,0.3580729166666667,0.3580729166666667,768.0,0.7267267267267267,0.7361216730038023,0.7175685693106004,1349.0,0.3773784355179704,0.36428571428571427,0.39144736842105265,912.0,0.6777133388566694,0.6738056013179572,0.6816666666666666,600.0,0.4628540887226082,0.46014877789585545,0.46559139784946235,930.0
100,0.2496720403432846,0.912423849105835,2.3631889820098877,0.5163447260856628,0.48770588946614707,0.49665557149662404,0.0003000000142492354,0.10415824999972756,25121.0,241181.08743249535,0.401888064733648,0.4027027027027027,0.40107671601615075,743.0,0.463768115942029,0.5714285714285714,0.3902439024390244,82.0,0.35986622073578595,0.3700137551581843,0.3502604166666667,768.0,0.7280209502431724,0.7348942598187311,0.7212750185322461,1349.0,0.3701716738197425,0.36239495798319327,0.3782894736842105,912.0,0.6792452830188679,0.6688206785137318,0.69,600.0,0.47362869198312235,0.4648033126293996,0.4827956989247312,930.0
