dataset,class_id,class_name,f1,label,precision,recall,support
mnist,0,0,0.9961315280464217,0,0.9970958373668926,0.9951690821256038,1035
mnist,1,1,0.9936521371138384,1,0.9932318104906938,0.9940728196443692,1181
mnist,2,2,0.9918931807343825,2,0.9914204003813155,0.9923664122137404,1048
mnist,3,3,0.9934762348555451,3,0.9916279069767442,0.9953314659197012,1071
mnist,4,4,0.9941348973607038,4,0.9941348973607038,0.9941348973607038,1023
mnist,5,5,0.992576882290562,5,0.9968051118210862,0.9883843717001056,947
mnist,6,6,0.9946679592825981,6,0.9941860465116279,0.9951503394762367,1031
mnist,7,7,0.9913597089586176,7,0.9864253393665159,0.9963436928702011,1094
mnist,8,8,0.9931439764936337,8,0.9960707269155207,0.990234375,1024
mnist,9,9,0.9894534995206137,9,0.9904030710172744,0.9885057471264368,1044
fashion_mnist,0,0,0.858628841607565,0,0.8525821596244132,0.8647619047619047,1050
fashion_mnist,1,1,0.9889476213358962,1,0.9980601357904947,0.98,1050
fashion_mnist,2,2,0.8742168674698795,2,0.8848780487804878,0.8638095238095238,1050
fashion_mnist,3,3,0.9236569274269557,3,0.914179104477612,0.9333333333333333,1050
fashion_mnist,4,4,0.8723809523809524,4,0.8723809523809524,0.8723809523809524,1050
fashion_mnist,5,5,0.9823389021479714,5,0.9846889952153111,0.98,1050
fashion_mnist,6,6,0.7808090310442144,6,0.7713754646840149,0.7904761904761904,1050
fashion_mnist,7,7,0.9619410085632731,7,0.9610266159695817,0.9628571428571429,1050
fashion_mnist,8,8,0.9803357314148682,8,0.9874396135265701,0.9733333333333334,1050
fashion_mnist,9,9,0.9661743687470224,9,0.9666348903717826,0.9657142857142857,1050
kmnist,0,0,0.9890528319847692,0,0.9885823025689819,0.9895238095238095,1050
kmnist,1,1,0.98,1,0.98,0.98,1050
kmnist,2,2,0.9833412660637791,2,0.9828734538534729,0.9838095238095238,1050
kmnist,3,3,0.9923809523809524,3,0.9923809523809524,0.9923809523809524,1050
kmnist,4,4,0.9842931937172775,4,0.9838249286393911,0.9847619047619047,1050
kmnist,5,5,0.9904671115347949,5,0.9914122137404581,0.9895238095238095,1050
kmnist,6,6,0.9762808349146109,6,0.9725897920604915,0.98,1050
kmnist,7,7,0.9900047596382675,7,0.9895337773549001,0.9904761904761905,1050
kmnist,8,8,0.98565965583174,8,0.989443378119002,0.981904761904762,1050
kmnist,9,9,0.9933269780743564,9,0.9942748091603053,0.9923809523809524,1050
emnist_balanced,0,0,0.6712328767123288,0,0.6447368421052632,0.7,420
emnist_balanced,1,1,0.6334745762711864,1,0.5706106870229007,0.7119047619047619,420
emnist_balanced,10,10,0.9478672985781991,10,0.9433962264150944,0.9523809523809523,420
emnist_balanced,11,11,0.9560047562425683,11,0.9548693586698337,0.9571428571428572,420
emnist_balanced,12,12,0.962874251497006,12,0.9686746987951808,0.9571428571428572,420
emnist_balanced,13,13,0.9294117647058823,13,0.9186046511627907,0.9404761904761905,420
emnist_balanced,14,14,0.9771359807460891,14,0.9878345498783455,0.9666666666666667,420
emnist_balanced,15,15,0.6616541353383458,15,0.6984126984126984,0.6285714285714286,420
emnist_balanced,16,16,0.9180722891566265,16,0.9292682926829269,0.9071428571428571,420
emnist_balanced,17,17,0.9627906976744187,17,0.9409090909090909,0.9857142857142858,420
emnist_balanced,18,18,0.6610576923076923,18,0.6674757281553398,0.6547619047619048,420
emnist_balanced,19,19,0.9361702127659575,19,0.9295774647887324,0.9428571428571428,420
emnist_balanced,2,2,0.9022379269729093,2,0.8927738927738927,0.9119047619047619,420
emnist_balanced,20,20,0.9680473372781065,20,0.9623529411764706,0.9738095238095238,420
emnist_balanced,21,21,0.5444887118193891,21,0.6156156156156156,0.4880952380952381,420
emnist_balanced,22,22,0.9834123222748815,22,0.9787735849056604,0.9880952380952381,420
emnist_balanced,23,23,0.9407665505226481,23,0.9183673469387755,0.9642857142857143,420
emnist_balanced,24,24,0.6683291770573565,24,0.7015706806282722,0.638095238095238,420
emnist_balanced,25,25,0.9820788530465949,25,0.9856115107913669,0.9785714285714285,420
emnist_balanced,26,26,0.9485029940119761,26,0.9542168674698795,0.9428571428571428,420
emnist_balanced,27,27,0.9645390070921985,27,0.9577464788732394,0.9714285714285714,420
emnist_balanced,28,28,0.9035294117647059,28,0.8930232558139535,0.9142857142857143,420
emnist_balanced,29,29,0.9482352941176471,29,0.9372093023255814,0.9595238095238096,420
emnist_balanced,3,3,0.9785202863961813,3,0.9808612440191388,0.9761904761904762,420
emnist_balanced,30,30,0.9182692307692307,30,0.9271844660194175,0.9095238095238095,420
emnist_balanced,31,31,0.9330143540669856,31,0.9375,0.9285714285714286,420
emnist_balanced,32,32,0.9940688018979834,32,0.9905437352245863,0.9976190476190476,420
emnist_balanced,33,33,0.9698431845597105,33,0.9828850855745721,0.9571428571428572,420
emnist_balanced,34,34,0.927810650887574,34,0.9223529411764706,0.9333333333333333,420
emnist_balanced,35,35,0.9043683589138134,35,0.8969555035128806,0.9119047619047619,420
emnist_balanced,36,36,0.8977673325499413,36,0.8863109048723898,0.9095238095238095,420
emnist_balanced,37,37,0.9415971394517283,37,0.9427207637231504,0.9404761904761905,420
emnist_balanced,38,38,0.9665071770334929,38,0.9711538461538461,0.9619047619047619,420
emnist_balanced,39,39,0.9561091340450771,39,0.9527186761229315,0.9595238095238096,420
emnist_balanced,4,4,0.9212690951821387,4,0.9095127610208816,0.9333333333333333,420
emnist_balanced,40,40,0.6613636363636364,40,0.6326086956521739,0.6928571428571428,420
emnist_balanced,41,41,0.7263681592039799,41,0.7604166666666666,0.6952380952380952,420
emnist_balanced,42,42,0.9552599758162031,42,0.9705159705159705,0.9404761904761905,420
emnist_balanced,43,43,0.9406060606060606,43,0.9580246913580247,0.9238095238095239,420
emnist_balanced,44,44,0.6323907455012854,44,0.6871508379888268,0.5857142857142857,420
emnist_balanced,45,45,0.9477521263669503,45,0.967741935483871,0.9285714285714286,420
emnist_balanced,46,46,0.9193742478941036,46,0.9294403892944039,0.9095238095238095,420
emnist_balanced,5,5,0.9146341463414636,5,0.9375,0.8928571428571429,420
emnist_balanced,6,6,0.9241706161137441,6,0.9198113207547169,0.9285714285714286,420
emnist_balanced,7,7,0.970131421744325,7,0.973621103117506,0.9666666666666667,420
emnist_balanced,8,8,0.9468713105076741,8,0.9391100702576113,0.9547619047619048,420
emnist_balanced,9,9,0.7628415300546448,9,0.705050505050505,0.830952380952381,420
cifar10,0,airplane,0.7779632721202004,0,0.7792642140468228,0.7766666666666666,900
cifar10,1,automobile,0.8415051311288483,1,0.8641686182669789,0.82,900
cifar10,2,bird,0.6508024349750968,2,0.6482910694597575,0.6533333333333333,900
cifar10,3,cat,0.5301724137931033,3,0.5146443514644351,0.5466666666666666,900
cifar10,4,deer,0.698051948051948,4,0.680379746835443,0.7166666666666667,900
cifar10,5,dog,0.611333714939897,5,0.6304604486422668,0.5933333333333334,900
cifar10,6,frog,0.7839366515837104,6,0.7983870967741935,0.77,900
cifar10,7,horse,0.7890929326655537,7,0.79041248606466,0.7877777777777778,900
cifar10,8,ship,0.840946615299945,8,0.8331515812431843,0.8488888888888889,900
cifar10,9,truck,0.8081813156440022,9,0.8041804180418042,0.8122222222222222,900
cifar100_coarse,0,aquatic_mammals,0.39082969432314413,0,0.38412017167381973,0.3977777777777778,450
cifar100_coarse,1,fish,0.4210526315789474,1,0.4444444444444444,0.4,450
cifar100_coarse,10,large_natural_outdoor_scenes,0.653551912568306,10,0.6430107526881721,0.6644444444444444,450
cifar100_coarse,11,large_omnivores_and_herbivores,0.4194594594594595,11,0.40842105263157896,0.4311111111111111,450
cifar100_coarse,12,medium_mammals,0.3413516609392898,12,0.35224586288416077,0.33111111111111113,450
cifar100_coarse,13,non-insect_invertebrates,0.2887700534759358,13,0.27835051546391754,0.3,450
cifar100_coarse,14,people,0.5462459194776931,14,0.535181236673774,0.5577777777777778,450
cifar100_coarse,15,reptiles,0.31072210065645517,15,0.30603448275862066,0.31555555555555553,450
cifar100_coarse,16,small_mammals,0.2700892857142857,16,0.2713004484304933,0.2688888888888889,450
cifar100_coarse,17,trees,0.7508610792192881,17,0.7767220902612827,0.7266666666666667,450
cifar100_coarse,18,vehicles_1,0.47909604519774013,18,0.48735632183908045,0.4711111111111111,450
cifar100_coarse,19,vehicles_2,0.4837625979843225,19,0.48758465011286684,0.48,450
cifar100_coarse,2,flowers,0.663677130044843,2,0.669683257918552,0.6577777777777778,450
cifar100_coarse,3,food_containers,0.4737430167597766,3,0.4764044943820225,0.4711111111111111,450
cifar100_coarse,4,fruit_and_vegetables,0.5668103448275863,4,0.5502092050209205,0.5844444444444444,450
cifar100_coarse,5,household_electrical_devices,0.38815789473684204,5,0.38311688311688313,0.3933333333333333,450
cifar100_coarse,6,household_furniture,0.4843373493975903,6,0.5289473684210526,0.44666666666666666,450
cifar100_coarse,7,insects,0.4923747276688453,7,0.4829059829059829,0.5022222222222222,450
cifar100_coarse,8,large_carnivores,0.4073275862068966,8,0.39539748953974896,0.42,450
cifar100_coarse,9,large_man-made_outdoor_things,0.5911111111111111,9,0.5911111111111111,0.5911111111111111,450
svhn,0,0,0.9401794616151545,0,0.9411177644710579,0.9392430278884463,1004
svhn,1,1,0.9499564080209241,1,0.9422345209270149,0.9578059071729957,2844
svhn,2,2,0.9490373725934315,2,0.9501133786848073,0.9479638009049773,2210
svhn,3,3,0.9066978648727698,3,0.905373831775701,0.9080257762155829,1707
svhn,4,4,0.9414519906323185,4,0.943029490616622,0.9398797595190381,1497
svhn,5,5,0.9100182149362478,5,0.9217712177121771,0.8985611510791367,1390
svhn,6,6,0.9100436681222707,6,0.9180616740088106,0.9021645021645022,1155
svhn,7,7,0.9294787560227771,7,0.92988606485539,0.9290718038528897,1142
svhn,8,8,0.9049019607843137,8,0.8926499032882012,0.9174950298210736,1006
svhn,9,9,0.9216738197424893,9,0.927645788336933,0.9157782515991472,938
gtsrb,0,0,1.0,0,1.0,1.0,31
gtsrb,1,1,0.993993993993994,1,0.993993993993994,0.993993993993994,333
gtsrb,10,10,0.9950248756218905,10,0.9933774834437086,0.9966777408637874,301
gtsrb,11,11,0.9974683544303797,11,1.0,0.9949494949494949,198
gtsrb,12,12,1.0,12,1.0,1.0,315
gtsrb,13,13,0.9984544049459042,13,1.0,0.9969135802469136,324
gtsrb,14,14,1.0,14,1.0,1.0,121
gtsrb,15,15,0.983957219251337,15,0.989247311827957,0.9787234042553191,94
gtsrb,16,16,1.0,16,1.0,1.0,67
gtsrb,17,17,1.0,17,1.0,1.0,166
gtsrb,18,18,0.9972144846796658,18,1.0,0.9944444444444445,180
gtsrb,19,19,0.9841269841269841,19,0.96875,1.0,31
gtsrb,2,2,0.9895988112927192,2,0.9910714285714286,0.9881305637982196,337
gtsrb,20,20,1.0,20,1.0,1.0,49
gtsrb,21,21,1.0,21,1.0,1.0,49
gtsrb,22,22,1.0,22,1.0,1.0,58
gtsrb,23,23,1.0,23,1.0,1.0,76
gtsrb,24,24,1.0,24,1.0,1.0,40
gtsrb,25,25,1.0,25,1.0,1.0,225
gtsrb,26,26,0.994475138121547,26,0.989010989010989,1.0,90
gtsrb,27,27,1.0,27,1.0,1.0,36
gtsrb,28,28,1.0,28,1.0,1.0,76
gtsrb,29,29,1.0,29,1.0,1.0,40
gtsrb,3,3,0.9952380952380951,3,1.0,0.990521327014218,211
gtsrb,30,30,0.9925925925925926,30,0.9852941176470589,1.0,67
gtsrb,31,31,0.995850622406639,31,1.0,0.9917355371900827,121
gtsrb,32,32,0.9600000000000001,32,0.9230769230769231,1.0,36
gtsrb,33,33,0.9951219512195122,33,1.0,0.9902912621359223,103
gtsrb,34,34,0.9843749999999999,34,0.9692307692307692,1.0,63
gtsrb,35,35,1.0,35,1.0,1.0,180
gtsrb,36,36,1.0,36,1.0,1.0,58
gtsrb,37,37,1.0,37,1.0,1.0,31
gtsrb,38,38,0.9967741935483871,38,0.9967741935483871,0.9967741935483871,310
gtsrb,39,39,0.9887640449438202,39,1.0,0.9777777777777777,45
gtsrb,4,4,0.9966442953020134,4,0.9933110367892977,1.0,297
gtsrb,40,40,1.0,40,1.0,1.0,49
gtsrb,41,41,1.0,41,1.0,1.0,36
gtsrb,42,42,1.0,42,1.0,1.0,40
gtsrb,5,5,0.9964664310954063,5,0.9964664310954063,0.9964664310954063,283
gtsrb,6,6,0.9924812030075187,6,1.0,0.9850746268656716,67
gtsrb,7,7,0.997624703087886,7,1.0,0.995260663507109,211
gtsrb,8,8,0.9976359338061466,8,0.9952830188679245,1.0,211
gtsrb,9,9,1.0,9,1.0,1.0,220
fer2013,0,angry,0.39520112914608324,0,0.41543026706231456,0.3768506056527591,743
fer2013,1,disgust,0.4397163120567376,1,0.5254237288135594,0.3780487804878049,82
fer2013,2,fear,0.337846550612508,2,0.334610472541507,0.3411458333333333,768
fer2013,3,happy,0.7222424463050601,3,0.7090779127948534,0.7359050445103857,1348
fer2013,4,sad,0.38054516301443087,4,0.37083333333333335,0.3907793633369923,911
fer2013,5,surprise,0.6586414445399827,5,0.6802841918294849,0.6383333333333333,600
fer2013,6,neutral,0.4621131270010672,6,0.4586864406779661,0.46559139784946235,930
