dataset,split,dtype,examples,inf_count,label_dtype,label_max,label_min,max,mean,min,nan_count,std
mnist,test,float32,10498,0,int64,9,0,2.5941829681396484,0.13180926732441803,-0.2784052789211273,0,0.37497827292728564
mnist,train,float32,48999,0,int64,9,0,2.6937739849090576,0.13229438062230123,-0.2784256041049957,0,0.3757669268197328
mnist,val,float32,10503,0,int64,9,0,2.661184310913086,0.13204244285957029,-0.2784339487552643,0,0.3754096960290422
fashion_mnist,test,float32,10500,0,int64,9,0,2.647383213043213,0.018224003978342045,-0.27837395668029785,0,0.24399123095846847
fashion_mnist,train,float32,49000,0,int64,9,0,2.7837741374969482,0.019120652210110275,-0.2784118354320526,0,0.24486987600956922
fashion_mnist,val,float32,10500,0,int64,9,0,2.657472610473633,0.018815469619864616,-0.27841195464134216,0,0.24485841994506238
kmnist,test,float32,10500,0,int64,9,0,2.662527322769165,0.06351138772445898,-0.2784295380115509,0,0.2850549686802037
kmnist,train,float32,49000,0,int64,9,0,2.8202099800109863,0.06408696731235915,-0.2784128487110138,0,0.28605443553356236
kmnist,val,float32,10500,0,int64,9,0,2.5381383895874023,0.06350244273476252,-0.2783253788948059,0,0.28517111334711825
emnist_balanced,test,float32,19740,0,int64,46,0,2.2411298751831055,-0.012646241319046955,-0.2783878743648529,0,0.1720522331342201
emnist_balanced,train,float32,92120,0,int64,46,0,2.3936431407928467,-0.01244223995032014,-0.27843335270881653,0,0.1722768369433571
emnist_balanced,val,float32,19740,0,int64,46,0,2.537163734436035,-0.01255892094712947,-0.2784022092819214,0,0.1722374335800091
cifar10,test,float32,9000,0,int64,9,0,2.256898880004883,-0.013460905764605386,-0.27765920758247375,0,0.13477738016283033
cifar10,train,float32,42000,0,int64,9,0,2.406877040863037,-0.012903352321761883,-0.27826064825057983,0,0.1362088221941603
cifar10,val,float32,9000,0,int64,9,0,2.276895046234131,-0.013612435113408145,-0.2776666581630707,0,0.13452026303083733
cifar100_coarse,test,float32,9000,0,int64,19,0,2.5682373046875,-0.02117762470702998,-0.27827128767967224,0,0.133537400450439
cifar100_coarse,train,float32,42000,0,int64,19,0,2.675137996673584,-0.020409482273738892,-0.2784311771392822,0,0.1350698422872572
cifar100_coarse,val,float32,9000,0,int64,19,0,2.354269504547119,-0.02074433816795413,-0.2782212495803833,0,0.13365809163911446
svhn,test,float32,14893,0,int64,9,0,2.732088327407837,0.012859701272609348,-0.27776482701301575,0,0.17441031396540402
svhn,train,float32,69502,0,int64,9,0,2.777165412902832,0.013275055156788354,-0.27824831008911133,0,0.17491415030966678
svhn,val,float32,14894,0,int64,9,0,3.157817840576172,0.012678634634350481,-0.2778463661670685,0,0.17409700683538068
gtsrb,test,float32,5876,0,int64,42,0,1.6704051494598389,-0.0006931735480823868,-0.27210283279418945,0,0.18756626600187232
gtsrb,train,float32,27489,0,int64,42,0,1.674689531326294,-0.0005615709754517147,-0.27047961950302124,0,0.1879417070842619
gtsrb,val,float32,5905,0,int64,42,0,1.6168367862701416,-0.0008827100758286286,-0.27238959074020386,0,0.18748618824809735
fer2013,test,float32,5382,0,int64,6,0,2.1769542694091797,-0.004766219766474941,-0.2783999741077423,0,0.16670074335457444
fer2013,train,float32,25121,0,int64,6,0,2.542623281478882,-0.004224929587053564,-0.27824488282203674,0,0.16728540169417655
fer2013,val,float32,5384,0,int64,6,0,2.469019889831543,-0.005599949283348496,-0.27823731303215027,0,0.164458517357733
