dataset,metric,missing,mean,min,max,std,count
mnist,elapsed_hours,0,3.373018404211428,3.44631944446721e-06,6.745463646793893,1.9477495865154149,4841
mnist,system_cpu_frequency_mhz,0,4.0,4.0,4.0,0.0,4841
mnist,system_cpu_percent,0,41.41445982235075,0.0,82.3,3.16923237370709,4841
mnist,system_memory_available_mb,0,4590.419325165255,3467.875,5179.484375,177.9824035695703,4841
mnist,system_memory_percent,0,71.98204916339598,68.4,78.8,1.0860945340879162,4841
mnist,system_memory_total_mb,0,16384.0,16384.0,16384.0,0.0,4841
mnist,system_memory_used_mb,0,6130.3943884269775,5538.03125,6443.921875,93.86738955264042,4841
mnist,process_children_count,0,4.998140879983475,0.0,5.0,0.09201015265986402,4841
mnist,process_cpu_percent,0,2.904214005370791,0.1,99.9,10.132681177880304,4841
mnist,process_memory_percent,0,9.126548317931107,3.8704872131347656,15.024757385253906,3.0279200573236205,4841
mnist,process_rss_mb,0,1495.2936021741375,634.140625,2461.65625,496.0943220247939,4841
mnist,process_threads,0,18.87213385664119,1.0,24.0,0.767530890647201,4841
mnist,process_tree_cpu_percent,0,383.9073331956207,14.7,400.4,41.40848160245001,4841
mnist,process_tree_rss_mb,0,1824.9894553036563,879.09375,3357.34375,602.9921433682882,4841
mnist,process_vms_mb,0,404351.0323990395,402527.328125,405535.078125,667.8836175691238,4841
mnist,disk_features_free_mb,0,223152.44122872985,222096.74609375,223561.50390625,281.2811752574663,4841
mnist,disk_features_total_mb,0,471482.08203125,471482.08203125,471482.08203125,0.0,4841
mnist,disk_features_used_mb,0,248329.64080252015,247920.578125,249385.3359375,281.2811752574663,4841
mnist,disk_features_used_percent,0,52.670005980431036,52.58324495745477,52.893915896674656,0.05965893211585992,4841
mnist,disk_output_free_mb,0,223152.4412246953,222096.74609375,223561.50390625,281.2811762680565,4841
mnist,disk_output_total_mb,0,471482.08203125,471482.08203125,471482.08203125,0.0,4841
mnist,disk_output_used_mb,0,248329.6408065547,247920.578125,249385.3359375,281.2811762680565,4841
mnist,disk_output_used_percent,0,52.67000598128675,52.58324495745477,52.893915896674656,0.05965893233020322,4841
mnist,disk_run_free_mb,0,223152.44122872985,222096.74609375,223561.50390625,281.2811752574663,4841
mnist,disk_run_total_mb,0,471482.08203125,471482.08203125,471482.08203125,0.0,4841
mnist,disk_run_used_mb,0,248329.64080252015,247920.578125,249385.3359375,281.2811752574663,4841
mnist,disk_run_used_percent,0,52.670005980431036,52.58324495745477,52.893915896674656,0.05965893211585992,4841
fashion_mnist,elapsed_hours,0,3.3739765204606216,2.4509249972955635e-07,6.747084268680555,1.948439172928459,4843
fashion_mnist,system_cpu_frequency_mhz,0,4.0,4.0,4.0,0.0,4843
fashion_mnist,system_cpu_percent,0,41.66345240553376,0.0,75.5,3.398291559077823,4843
fashion_mnist,system_memory_available_mb,0,4916.778417303324,4540.828125,5870.515625,384.4582207306903,4843
fashion_mnist,system_memory_percent,0,69.99029527152591,64.2,72.3,2.346174584341704,4843
fashion_mnist,system_memory_total_mb,0,16384.0,16384.0,16384.0,0.0,4843
fashion_mnist,system_memory_used_mb,0,5983.647116327689,4980.171875,6327.0,397.86385158261703,4843
fashion_mnist,process_children_count,0,4.99834813132356,1.0,5.0,0.08126958862721459,4843
fashion_mnist,process_cpu_percent,0,2.9036960561635348,0.1,99.9,10.244268793923487,4843
fashion_mnist,process_memory_percent,0,9.724285000492516,6.616020202636719,12.337589263916016,1.342812846488299,4843
fashion_mnist,process_rss_mb,0,1593.2268544806939,1083.96875,2021.390625,220.0064567686429,4843
fashion_mnist,process_threads,0,18.872186661160438,5.0,24.0,0.7496827800832271,4843
fashion_mnist,process_tree_cpu_percent,0,384.3725583316126,10.5,400.4,40.228439122944906,4843
fashion_mnist,process_tree_rss_mb,0,2070.9639428040473,1431.859375,3068.796875,404.8889825215805,4843
fashion_mnist,process_vms_mb,0,404591.3153714124,404393.390625,404752.59375,60.71428939605124,4843
fashion_mnist,disk_features_free_mb,0,221284.52524423136,219768.05859375,222193.1953125,733.9424939162249,4843
fashion_mnist,disk_features_total_mb,0,471482.08203125,471482.08203125,471482.08203125,0.0,4843
fashion_mnist,disk_features_used_mb,0,250197.55678701864,249288.88671875,251714.0234375,733.9424939162249,4843
fashion_mnist,disk_features_used_percent,0,53.06618561390748,52.87345929345986,53.38782384964871,0.15566710207824594,4843
fashion_mnist,disk_output_free_mb,0,221284.52524826425,219768.05859375,222193.1953125,733.9424938566711,4843
fashion_mnist,disk_output_total_mb,0,471482.08203125,471482.08203125,471482.08203125,0.0,4843
fashion_mnist,disk_output_used_mb,0,250197.55678298575,249288.88671875,251714.0234375,733.9424938566711,4843
fashion_mnist,disk_output_used_percent,0,53.06618561305211,52.87345929345986,53.38782384964871,0.15566710206561477,4843
fashion_mnist,disk_run_free_mb,0,221284.52524342478,219768.05859375,222193.1953125,733.9424917025116,4843
fashion_mnist,disk_run_total_mb,0,471482.08203125,471482.08203125,471482.08203125,0.0,4843
fashion_mnist,disk_run_used_mb,0,250197.55678782522,249288.88671875,251714.0234375,733.9424917025116,4843
fashion_mnist,disk_run_used_percent,0,53.06618561407855,52.87345929345986,53.38782384964871,0.15566710160872368,4843
kmnist,elapsed_hours,0,3.388642162732684,2.923497150833201e-07,6.777101860844996,1.956903099255192,4864
kmnist,system_cpu_frequency_mhz,0,4.0,4.0,4.0,0.0,4864
kmnist,system_cpu_percent,0,41.43895970394737,0.0,52.0,2.980621593820202,4864
kmnist,system_memory_available_mb,0,4743.354797363281,4539.0625,5272.765625,87.12823219457253,4864
kmnist,system_memory_percent,0,71.04790296052632,67.8,72.3,0.532504055881933,4864
kmnist,system_memory_total_mb,0,16384.0,16384.0,16384.0,0.0,4864
kmnist,system_memory_used_mb,0,6222.869484349301,5696.59375,6349.15625,79.32273795342654,4864
kmnist,process_children_count,0,4.998355263157895,1.0,5.0,0.08109403312908586,4864
kmnist,process_cpu_percent,0,2.9070723684210527,0.1,100.0,10.107692492082435,4864
kmnist,process_memory_percent,0,11.11295052657002,8.783245086669922,14.847278594970703,1.2731191732032927,4864
kmnist,process_rss_mb,0,1820.7458142732319,1439.046875,2432.578125,208.58784533762747,4864
kmnist,process_threads,0,18.872532894736842,5.0,24.0,0.7413107383277552,4864
kmnist,process_tree_cpu_percent,0,384.29383223684204,10.9,400.5,41.24331887422893,4864
kmnist,process_tree_rss_mb,0,2360.425328304893,1904.4375,3255.484375,294.41516991154526,4864
kmnist,process_vms_mb,0,404711.8773000617,404246.84375,405739.734375,414.04414591360904,4864
kmnist,disk_features_free_mb,0,219349.880901939,218313.25,219770.55859375,289.1419024358212,4864
kmnist,disk_features_total_mb,0,471482.08203125,471482.08203125,471482.08203125,0.0,4864
kmnist,disk_features_used_mb,0,252132.201129311,251711.5234375,253168.83203125,289.1419024358212,4864
kmnist,disk_features_used_percent,0,53.47651814106471,53.38729360680487,53.69638458805098,0.06132616984936812,4864
kmnist,disk_output_free_mb,0,219349.88090515137,218313.25,219770.55859375,289.14190284824815,4864
kmnist,disk_output_total_mb,0,471482.08203125,471482.08203125,471482.08203125,0.0,4864
kmnist,disk_output_used_mb,0,252132.20112609863,251711.5234375,253168.83203125,289.14190284824815,4864
kmnist,disk_output_used_percent,0,53.476518140383384,53.38729360680487,53.69638458805098,0.06132616993684271,4864
kmnist,disk_run_free_mb,0,219349.88089149876,218313.25,219770.55859375,289.1418998694695,4864
kmnist,disk_run_total_mb,0,471482.08203125,471482.08203125,471482.08203125,0.0,4864
kmnist,disk_run_used_mb,0,252132.20113975124,251711.5234375,253168.83203125,289.1418998694695,4864
kmnist,disk_run_used_percent,0,53.47651814327905,53.38729360680487,53.69638458805098,0.06132616930505228,4864
emnist_balanced,elapsed_hours,0,6.381531700668567,1.9780082867429074e-07,12.762125227997773,3.6849307654216403,9159
emnist_balanced,system_cpu_frequency_mhz,0,4.0,4.0,4.0,0.0,9159
emnist_balanced,system_cpu_percent,0,42.224238453979694,0.0,87.8,3.572370638029828,9159
emnist_balanced,system_memory_available_mb,0,4558.5318112648765,3489.3125,5145.1875,146.29392181961256,9159
emnist_balanced,system_memory_percent,0,72.17672234960149,68.6,78.7,0.8933411637586783,9159
emnist_balanced,system_memory_total_mb,0,16384.0,16384.0,16384.0,0.0,9159
emnist_balanced,system_memory_used_mb,0,5982.643634335081,4814.875,6266.171875,190.30090545129036,9159
emnist_balanced,process_children_count,0,4.99912654219893,1.0,5.0,0.05910218503363216,9159
emnist_balanced,process_cpu_percent,0,2.906747461513266,0.1,100.0,10.914934676683803,9159
emnist_balanced,process_memory_percent,0,10.731539709076817,3.5915374755859375,15.599727630615234,1.3836733606221916,9159
emnist_balanced,process_rss_mb,0,1758.255569999454,588.421875,2555.859375,226.70113592262015,9159
emnist_balanced,process_threads,0,18.878043454525603,5.0,24.0,0.7257958527743709,9159
emnist_balanced,process_tree_cpu_percent,0,384.27903701277427,15.4,400.5,44.20767231890535,9159
emnist_balanced,process_tree_rss_mb,0,2184.615721216836,1061.328125,3320.953125,304.99358309763386,9159
emnist_balanced,process_vms_mb,0,404732.5188390518,404344.0,405142.078125,142.56446506349624,9159
emnist_balanced,disk_features_free_mb,0,217281.91309180178,214871.015625,218313.234375,708.8797898064208,9159
emnist_balanced,disk_features_total_mb,0,471482.08203125,471482.08203125,471482.08203125,0.0,9159
emnist_balanced,disk_features_used_mb,0,254200.16893944822,253168.84765625,256611.06640625,708.8797898064208,9159
emnist_balanced,disk_features_used_percent,0,53.91512819411868,53.69638790206875,54.42647264572861,0.15035137427755654,9159
emnist_balanced,disk_output_free_mb,0,217281.91309521373,214871.015625,218313.234375,708.879793807255,9159
emnist_balanced,disk_output_total_mb,0,471482.08203125,471482.08203125,471482.08203125,0.0,9159
emnist_balanced,disk_output_used_mb,0,254200.16893603627,253168.84765625,256611.06640625,708.879793807255,9159
emnist_balanced,disk_output_used_percent,0,53.91512819339501,53.69638790206875,54.42647264572861,0.15035137512612204,9159
emnist_balanced,disk_run_free_mb,0,217281.91308838985,214871.015625,218313.234375,708.8797893512138,9159
emnist_balanced,disk_run_total_mb,0,471482.08203125,471482.08203125,471482.08203125,0.0,9159
emnist_balanced,disk_run_used_mb,0,254200.16894286015,253168.84765625,256611.06640625,708.8797893512138,9159
emnist_balanced,disk_run_used_percent,0,53.91512819484234,53.69638790206875,54.42647264572861,0.15035137418100847,9159
cifar10,elapsed_hours,0,2.918972495029728,2.320949958326916e-07,5.8371299328355555,1.6857145826677058,4191
cifar10,system_cpu_frequency_mhz,0,4.0,4.0,4.0,0.0,4191
cifar10,system_cpu_percent,0,42.37442137914579,0.0,76.1,3.014824502230906,4191
cifar10,system_memory_available_mb,0,4648.153737174898,4343.734375,5249.9375,93.186694132967,4191
cifar10,system_memory_percent,0,71.6298258172274,68.0,73.5,0.5688258245037959,4191
cifar10,system_memory_total_mb,0,16384.0,16384.0,16384.0,0.0,4191
cifar10,system_memory_used_mb,0,6123.746827278693,5138.65625,6388.234375,88.30197384739047,4191
cifar10,process_children_count,0,4.998091147697447,1.0,5.0,0.08735997649438441,4191
cifar10,process_cpu_percent,0,2.852565020281556,0.1,99.8,10.044999562349183,4191
cifar10,process_memory_percent,0,8.567442196532213,5.834388732910156,12.28170394897461,1.6505439266290123,4191
cifar10,process_rss_mb,0,1403.6897294798378,955.90625,2012.234375,270.42511693889736,4191
cifar10,process_threads,0,18.8616082080649,5.0,24.0,0.7365646624372085,4191
cifar10,process_tree_cpu_percent,0,384.5351944643283,10.8,400.6,38.43914780152017,4191
cifar10,process_tree_rss_mb,0,1829.9757143283225,1323.046875,3028.5,414.06283898176827,4191
cifar10,process_vms_mb,0,404739.06717146863,404467.765625,405434.578125,220.53061356455368,4191
cifar10,disk_features_free_mb,0,213489.126772772,212371.70703125,214870.99609375,607.6035429955454,4191
cifar10,disk_features_total_mb,0,471482.08203125,471482.08203125,471482.08203125,0.0,4191
cifar10,disk_features_used_mb,0,257992.955258478,256611.0859375,259110.375,607.6035429955454,4191
cifar10,disk_features_used_percent,0,54.71956731568394,54.426476788250824,54.9565688442909,0.12887097222822422,4191
cifar10,disk_output_free_mb,0,213489.1267839567,212371.70703125,214870.99609375,607.6035437574855,4191
cifar10,disk_output_total_mb,0,471482.08203125,471482.08203125,471482.08203125,0.0,4191
cifar10,disk_output_used_mb,0,257992.9552472933,256611.0859375,259110.375,607.6035437574855,4191
cifar10,disk_output_used_percent,0,54.71956731331169,54.426476788250824,54.9565688442909,0.1288709723898295,4191
cifar10,disk_run_free_mb,0,213489.12677183995,212371.70703125,214870.99609375,607.6035429019598,4191
cifar10,disk_run_total_mb,0,471482.08203125,471482.08203125,471482.08203125,0.0,4191
cifar10,disk_run_used_mb,0,257992.95525941005,256611.0859375,259110.375,607.6035429019598,4191
cifar10,disk_run_used_percent,0,54.719567315881626,54.426476788250824,54.9565688442909,0.12887097220837498,4191
cifar100_coarse,elapsed_hours,0,2.927270284144828,3.01423602245955e-07,5.854444534051113,1.6904973080578245,4203
cifar100_coarse,system_cpu_frequency_mhz,0,4.0,4.0,4.0,0.0,4203
cifar100_coarse,system_cpu_percent,0,42.2936711872472,0.0,56.4,2.8691709117882493,4203
cifar100_coarse,system_memory_available_mb,0,4814.645074946467,4576.765625,5252.09375,100.4455421309041,4203
cifar100_coarse,system_memory_percent,0,70.61341898643826,67.9,72.1,0.6136063634380733,4203
cifar100_coarse,system_memory_total_mb,0,16384.0,16384.0,16384.0,0.0,4203
cifar100_coarse,system_memory_used_mb,0,6282.113653937664,5684.203125,6426.8125,88.33168032797953,4203
cifar100_coarse,process_children_count,0,4.997620747085415,1.0,5.0,0.0925183746510594,4203
cifar100_coarse,process_cpu_percent,0,2.8969545562693315,0.1,99.9,10.052166822143606,4203
cifar100_coarse,process_memory_percent,0,9.942844485260888,8.367919921875,12.817955017089844,0.9024379758419817,4203
cifar100_coarse,process_rss_mb,0,1629.0356404651438,1371.0,2100.09375,147.85543796195032,4203
cifar100_coarse,process_threads,0,18.876040923150132,5.0,24.0,0.7808097642370776,4203
cifar100_coarse,process_tree_cpu_percent,0,384.20854151796334,12.0,400.4,39.64496765332328,4203
cifar100_coarse,process_tree_rss_mb,0,2171.3075147216273,1751.296875,2932.265625,268.76625281019057,4203
cifar100_coarse,process_vms_mb,0,404827.8838998929,404507.0,405445.015625,259.71346654428066,4203
cifar100_coarse,disk_features_free_mb,0,211877.16767320217,210846.71875,212371.6875,301.61336087122936,4203
cifar100_coarse,disk_features_total_mb,0,471482.08203125,471482.08203125,471482.08203125,0.0,4203
cifar100_coarse,disk_features_used_mb,0,259604.91435804783,259110.39453125,260635.36328125,301.61336087122936,4203
cifar100_coarse,disk_features_used_percent,0,55.06145922653347,54.956572986813114,55.280014493525336,0.0639713304844612,4203
cifar100_coarse,disk_output_free_mb,0,211877.16767227277,210846.71875,212371.6875,301.6133615236517,4203
cifar100_coarse,disk_output_total_mb,0,471482.08203125,471482.08203125,471482.08203125,0.0,4203
cifar100_coarse,disk_output_used_mb,0,259604.91435897723,259110.39453125,260635.36328125,301.6133615236517,4203
cifar100_coarse,disk_output_used_percent,0,55.0614592267306,54.956572986813114,55.280014493525336,0.06397133062283811,4203
cifar100_coarse,disk_run_free_mb,0,211877.16767784915,210846.71875,212371.6875,301.61336286566114,4203
cifar100_coarse,disk_run_total_mb,0,471482.08203125,471482.08203125,471482.08203125,0.0,4203
cifar100_coarse,disk_run_used_mb,0,259604.91435340085,259110.39453125,260635.36328125,301.61336286566114,4203
cifar100_coarse,disk_run_used_percent,0,55.06145922554787,54.956572986813114,55.280014493525336,0.06397133090747446,4203
svhn,elapsed_hours,0,4.812618263974124,2.17580834739945e-07,9.624399991365564,2.77908806717345,6909
svhn,system_cpu_frequency_mhz,0,4.0,4.0,4.0,0.0,6909
svhn,system_cpu_percent,0,42.40233029381966,0.0,82.1,3.335966809241672,6909
svhn,system_memory_available_mb,0,4569.478818389058,4167.53125,5085.078125,137.84850809512517,6909
svhn,system_memory_percent,0,72.10884353741497,69.0,74.6,0.8414925209049858,6909
svhn,system_memory_total_mb,0,16384.0,16384.0,16384.0,0.0,6909
svhn,system_memory_used_mb,0,6042.699888732089,5210.5625,6374.40625,126.52957383491761,6909
svhn,process_children_count,0,4.998842090027501,1.0,5.0,0.06804630140201699,6909
svhn,process_cpu_percent,0,2.8283977420755537,0.1,100.1,10.361234410793696,6909
svhn,process_memory_percent,0,9.240569549352944,6.052875518798828,12.467575073242188,1.4737707965813098,6909
svhn,process_rss_mb,0,1513.9749149659865,991.703125,2042.6875,241.4626073118818,6909
svhn,process_threads,0,18.878419452887538,5.0,24.0,0.7323819478070593,6909
svhn,process_tree_cpu_percent,0,384.6475322043711,11.3,400.5,42.987439370277336,6909
svhn,process_tree_rss_mb,0,1887.879416793313,1263.734375,3006.375,386.42745634527614,6909
svhn,process_vms_mb,0,405164.4715384824,404504.359375,406146.6875,572.6290632013666,6909
svhn,disk_features_free_mb,0,209129.26106290254,207496.8359375,210855.66796875,686.3253394143749,6909
svhn,disk_features_total_mb,0,471482.08203125,471482.08203125,471482.08203125,0.0,6909
svhn,disk_features_used_mb,0,262352.8209683474,260626.4140625,263985.24609375,686.3253394143749,6909
svhn,disk_features_used_percent,0,55.64428235280395,55.278116389845245,55.99051504914941,0.14556763991062652,6909
svhn,disk_output_free_mb,0,209129.26107873337,207496.8359375,210855.66796875,686.3253765584705,6909
svhn,disk_output_total_mb,0,471482.08203125,471482.08203125,471482.08203125,0.0,6909
svhn,disk_output_used_mb,0,262352.82095251663,260626.4140625,263985.24609375,686.3253765584705,6909
svhn,disk_output_used_percent,0,55.644282349446264,55.278116389845245,55.99051504914941,0.14556764778878287,6909
svhn,disk_run_free_mb,0,209129.26106290254,207496.8359375,210855.66796875,686.325338473768,6909
svhn,disk_run_total_mb,0,471482.08203125,471482.08203125,471482.08203125,0.0,6909
svhn,disk_run_used_mb,0,262352.8209683474,260626.4140625,263985.24609375,686.325338473768,6909
svhn,disk_run_used_percent,0,55.64428235280395,55.278116389845245,55.99051504914941,0.1455676397111265,6909
gtsrb,elapsed_hours,0,1.9110186370959394,2.2083333331263729e-07,3.821671708888882,1.1037497644236347,2744
gtsrb,system_cpu_frequency_mhz,0,4.0,4.0,4.0,0.0,2744
gtsrb,system_cpu_percent,0,42.72725947521866,15.5,88.1,3.267217289384735,2744
gtsrb,system_memory_available_mb,0,4407.935740479227,4028.390625,4971.4375,113.94806217087239,2744
gtsrb,system_memory_percent,0,73.09672011661807,69.7,75.4,0.6969347927451763,2744
gtsrb,system_memory_total_mb,0,16384.0,16384.0,16384.0,0.0,2744
gtsrb,system_memory_used_mb,0,5847.768808081269,5098.125,6090.375,165.18490399749777,2744
gtsrb,process_children_count,0,4.997084548104956,1.0,5.0,0.1079504873561144,2744
gtsrb,process_cpu_percent,0,3.057616618075801,0.1,99.7,9.886210483828943,2744
gtsrb,process_memory_percent,0,8.210245895663782,3.452014923095703,10.903358459472656,1.455983236245445,2744
gtsrb,process_rss_mb,0,1345.166681851312,565.578125,1786.40625,238.54829132853234,2744
gtsrb,process_threads,0,18.860422740524783,5.0,24.0,0.7687268234959471,2744
gtsrb,process_tree_cpu_percent,0,384.1358965014577,14.9,400.6,36.32435499917247,2744
gtsrb,process_tree_rss_mb,0,1755.952828899417,846.046875,2623.21875,417.3810149526369,2744
gtsrb,process_vms_mb,0,404845.7215686498,404652.3125,405079.703125,143.88047703971847,2744
gtsrb,disk_features_free_mb,0,207105.42943410622,206352.28125,207529.48046875,227.6825393007691,2744
gtsrb,disk_features_total_mb,0,471482.08203125,471482.08203125,471482.08203125,0.0,2744
gtsrb,disk_features_used_mb,0,264376.6525971438,263952.6015625,265129.80078125,227.6825393007691,2744
gtsrb,disk_features_used_percent,0,56.07353124813357,55.983591237514965,56.233271822125594,0.048290814853421814,2744
gtsrb,disk_output_free_mb,0,207105.42943837692,206352.28125,207529.48046875,227.6825400488261,2744
gtsrb,disk_output_total_mb,0,471482.08203125,471482.08203125,471482.08203125,0.0,2744
gtsrb,disk_output_used_mb,0,264376.6525928731,263952.6015625,265129.80078125,227.6825400488261,2744
gtsrb,disk_output_used_percent,0,56.07353124722778,55.983591237514965,56.233271822125594,0.04829081501208257,2744
gtsrb,disk_run_free_mb,0,207105.42944264758,206352.28125,207529.48046875,227.68254022425185,2744
gtsrb,disk_run_total_mb,0,471482.08203125,471482.08203125,471482.08203125,0.0,2744
gtsrb,disk_run_used_mb,0,264376.6525886024,263952.6015625,265129.80078125,227.68254022425185,2744
gtsrb,disk_run_used_percent,0,56.07353124632198,55.983591237514965,56.233271822125594,0.04829081504928987,2744
fer2013,elapsed_hours,0,1.736940247067503,6.078588840965595e-07,3.47258601210667,1.0032535084768495,2494
fer2013,system_cpu_frequency_mhz,0,4.0,4.0,4.0,0.0,2494
fer2013,system_cpu_percent,0,43.72750601443464,14.9,100.0,2.527165406328239,2494
fer2013,system_memory_available_mb,0,4639.9673591619885,4570.796875,5072.609375,33.90610015882822,2494
fer2013,system_memory_percent,0,71.6799117882919,69.0,72.1,0.2096351707345676,2494
fer2013,system_memory_total_mb,0,16384.0,16384.0,16384.0,0.0,2494
fer2013,system_memory_used_mb,0,6098.65103122494,5472.1875,6191.875,77.26757848119719,2494
fer2013,process_children_count,0,4.995589414595028,1.0,5.0,0.12814055340775016,2494
fer2013,process_cpu_percent,0,2.891940657578188,0.1,99.7,9.094550744852027,2494
fer2013,process_memory_percent,0,7.69982743282364,6.541919708251953,9.186267852783203,0.59885243167418,2494
fer2013,process_rss_mb,0,1261.5397265938252,1071.828125,1505.078125,98.11598240549765,2494
fer2013,process_threads,0,18.85805934242181,5.0,24.0,0.7836933223035297,2494
fer2013,process_tree_cpu_percent,0,385.0246992782678,10.6,400.20000000000005,33.63477466506995,2494
fer2013,process_tree_rss_mb,0,1870.7154420609463,1268.1875,2456.84375,195.03234828710077,2494
fer2013,process_vms_mb,0,404706.7421436447,404561.109375,404754.96875,25.220772872394342,2494
fer2013,disk_features_free_mb,0,206079.9326759222,205477.6640625,206352.26171875,172.66844719160136,2494
fer2013,disk_features_total_mb,0,471482.08203125,471482.08203125,471482.08203125,0.0,2494
fer2013,disk_features_used_mb,0,265402.14935532777,265129.8203125,266004.41796875,172.6684471916014,2494
fer2013,disk_features_used_percent,0,56.291036175100466,56.23327596464782,56.41877562403721,0.036622483392732046,2494
fer2013,disk_output_free_mb,0,206079.9326649584,205477.6640625,206352.26171875,172.66845796106256,2494
fer2013,disk_output_total_mb,0,471482.08203125,471482.08203125,471482.08203125,0.0,2494
fer2013,disk_output_used_mb,0,265402.1493662916,265129.8203125,266004.41796875,172.66845796106256,2494
fer2013,disk_output_used_percent,0,56.291036177425866,56.23327596464782,56.41877562403721,0.03662248567690394,2494
fer2013,disk_run_free_mb,0,206079.9326649584,205477.6640625,206352.26171875,172.66845274989893,2494
fer2013,disk_run_total_mb,0,471482.08203125,471482.08203125,471482.08203125,0.0,2494
fer2013,disk_run_used_mb,0,265402.1493662916,265129.8203125,266004.41796875,172.66845274989893,2494
fer2013,disk_run_used_percent,0,56.29103617742585,56.23327596464782,56.41877562403721,0.03662248457163105,2494
