dataset,category,files,bytes,pattern,sha256_chain
mnist,batch_json,46600,318253871,"outputs/quantum-parallel-128-20/runs/mnist/pennylane/seed-42/diagnostics/batches/epoch-*/{train,validation}/batch-*.json",dda5a536cf64d8f42e93a3284bb5213292405e2713aaf7704dfd5a46774909a5
mnist,run_metadata,16,978392,outputs/quantum-parallel-128-20/runs/mnist/pennylane/seed-42/run_metadata,
mnist,checkpoints,5,1064845,outputs/quantum-parallel-128-20/runs/mnist/pennylane/seed-42/checkpoints,
mnist,diagnostics,1,103772793,outputs/quantum-parallel-128-20/runs/mnist/pennylane/seed-42/diagnostics,
mnist,diagnostics/probes,204,135507825,outputs/quantum-parallel-128-20/runs/mnist/pennylane/seed-42/diagnostics/probes,
mnist,diagnostics/noise-study,1,133,outputs/quantum-parallel-128-20/runs/mnist/pennylane/seed-42/diagnostics/noise-study,
mnist,diagnostics/noise-study/e00013-f6e269694104,207,808138426,outputs/quantum-parallel-128-20/runs/mnist/pennylane/seed-42/diagnostics/noise-study/e00013-f6e269694104,
mnist,telemetry/8fdf154f1c1c4634b34aa1cd1f24973b,3,9091287,outputs/quantum-parallel-128-20/runs/mnist/pennylane/seed-42/telemetry/8fdf154f1c1c4634b34aa1cd1f24973b,
fashion_mnist,batch_json,46600,318326867,"outputs/quantum-parallel-128-20/runs/fashion_mnist/pennylane/seed-42/diagnostics/batches/epoch-*/{train,validation}/batch-*.json",964203668117cce90f83d8164eafb8bc4db23c51c71d5f783f3806a6f2cf8648
fashion_mnist,run_metadata,16,981945,outputs/quantum-parallel-128-20/runs/fashion_mnist/pennylane/seed-42/run_metadata,
fashion_mnist,checkpoints,5,1064844,outputs/quantum-parallel-128-20/runs/fashion_mnist/pennylane/seed-42/checkpoints,
fashion_mnist,diagnostics,1,103479006,outputs/quantum-parallel-128-20/runs/fashion_mnist/pennylane/seed-42/diagnostics,
fashion_mnist,diagnostics/probes,204,135298314,outputs/quantum-parallel-128-20/runs/fashion_mnist/pennylane/seed-42/diagnostics/probes,
fashion_mnist,diagnostics/noise-study,1,133,outputs/quantum-parallel-128-20/runs/fashion_mnist/pennylane/seed-42/diagnostics/noise-study,
fashion_mnist,diagnostics/noise-study/e00005-5a4f8bdba01b,207,816471607,outputs/quantum-parallel-128-20/runs/fashion_mnist/pennylane/seed-42/diagnostics/noise-study/e00005-5a4f8bdba01b,
fashion_mnist,telemetry/483083a9c5f8456091d5298941fd2669,3,9259125,outputs/quantum-parallel-128-20/runs/fashion_mnist/pennylane/seed-42/telemetry/483083a9c5f8456091d5298941fd2669,
kmnist,batch_json,46600,318176008,"outputs/quantum-parallel-128-20/runs/kmnist/pennylane/seed-42/diagnostics/batches/epoch-*/{train,validation}/batch-*.json",9f0892590235704192560e5dc2e4fc3d8c59ab03e6ebbde051f30f5af0e2ae5e
kmnist,run_metadata,16,977297,outputs/quantum-parallel-128-20/runs/kmnist/pennylane/seed-42/run_metadata,
kmnist,checkpoints,5,1064844,outputs/quantum-parallel-128-20/runs/kmnist/pennylane/seed-42/checkpoints,
kmnist,diagnostics,1,103764683,outputs/quantum-parallel-128-20/runs/kmnist/pennylane/seed-42/diagnostics,
kmnist,diagnostics/probes,204,135402513,outputs/quantum-parallel-128-20/runs/kmnist/pennylane/seed-42/diagnostics/probes,
kmnist,diagnostics/noise-study,1,133,outputs/quantum-parallel-128-20/runs/kmnist/pennylane/seed-42/diagnostics/noise-study,
kmnist,diagnostics/noise-study/e00030-118c004ad838,207,813326914,outputs/quantum-parallel-128-20/runs/kmnist/pennylane/seed-42/diagnostics/noise-study/e00030-118c004ad838,
kmnist,telemetry/316ea7df59fa403297d5e45d86966ba6,3,9162006,outputs/quantum-parallel-128-20/runs/kmnist/pennylane/seed-42/telemetry/316ea7df59fa403297d5e45d86966ba6,
emnist_balanced,batch_json,87500,597633845,"outputs/quantum-parallel-128-20/runs/emnist_balanced/pennylane/seed-42/diagnostics/batches/epoch-*/{train,validation}/batch-*.json",f9a105d29914a47238e5633ad84249fe87e1bf269b3559c5891311979aa77105
emnist_balanced,run_metadata,16,7454596,outputs/quantum-parallel-128-20/runs/emnist_balanced/pennylane/seed-42/run_metadata,
emnist_balanced,checkpoints,5,1102141,outputs/quantum-parallel-128-20/runs/emnist_balanced/pennylane/seed-42/checkpoints,
emnist_balanced,diagnostics,1,194061817,outputs/quantum-parallel-128-20/runs/emnist_balanced/pennylane/seed-42/diagnostics,
emnist_balanced,diagnostics/probes,204,634423723,outputs/quantum-parallel-128-20/runs/emnist_balanced/pennylane/seed-42/diagnostics/probes,
emnist_balanced,diagnostics/noise-study,1,133,outputs/quantum-parallel-128-20/runs/emnist_balanced/pennylane/seed-42/diagnostics/noise-study,
emnist_balanced,diagnostics/noise-study/e00040-525693ca4359,207,1914919279,outputs/quantum-parallel-128-20/runs/emnist_balanced/pennylane/seed-42/diagnostics/noise-study/e00040-525693ca4359,
emnist_balanced,telemetry/cc2873e9ceac4fce87cf17f3c1fd5de5,3,17566428,outputs/quantum-parallel-128-20/runs/emnist_balanced/pennylane/seed-42/telemetry/cc2873e9ceac4fce87cf17f3c1fd5de5,
cifar10,batch_json,40000,273203917,"outputs/quantum-parallel-128-20/runs/cifar10/pennylane/seed-42/diagnostics/batches/epoch-*/{train,validation}/batch-*.json",17efca6a01cce1bf8f2134fe126358006de5a42cf40ae73d64b012e0a36f6e3f
cifar10,run_metadata,16,875086,outputs/quantum-parallel-128-20/runs/cifar10/pennylane/seed-42/run_metadata,
cifar10,checkpoints,5,1064845,outputs/quantum-parallel-128-20/runs/cifar10/pennylane/seed-42/checkpoints,
cifar10,diagnostics,1,88796593,outputs/quantum-parallel-128-20/runs/cifar10/pennylane/seed-42/diagnostics,
cifar10,diagnostics/probes,204,135260379,outputs/quantum-parallel-128-20/runs/cifar10/pennylane/seed-42/diagnostics/probes,
cifar10,diagnostics/noise-study,1,133,outputs/quantum-parallel-128-20/runs/cifar10/pennylane/seed-42/diagnostics/noise-study,
cifar10,diagnostics/noise-study/e00012-ab3d507db49e,207,703320216,outputs/quantum-parallel-128-20/runs/cifar10/pennylane/seed-42/diagnostics/noise-study/e00012-ab3d507db49e,
cifar10,telemetry/cd59bf760a564e6ca7eefe606c52010d,3,7887844,outputs/quantum-parallel-128-20/runs/cifar10/pennylane/seed-42/telemetry/cd59bf760a564e6ca7eefe606c52010d,
cifar100_coarse,batch_json,40000,273124557,"outputs/quantum-parallel-128-20/runs/cifar100_coarse/pennylane/seed-42/diagnostics/batches/epoch-*/{train,validation}/batch-*.json",2158b35324df0931bbba8867256726ed9ea5747c36f52c4cdb6cc68bca2348e7
cifar100_coarse,run_metadata,16,1619803,outputs/quantum-parallel-128-20/runs/cifar100_coarse/pennylane/seed-42/run_metadata,
cifar100_coarse,checkpoints,5,1074925,outputs/quantum-parallel-128-20/runs/cifar100_coarse/pennylane/seed-42/checkpoints,
cifar100_coarse,diagnostics,1,88810883,outputs/quantum-parallel-128-20/runs/cifar100_coarse/pennylane/seed-42/diagnostics,
cifar100_coarse,diagnostics/probes,204,269829353,outputs/quantum-parallel-128-20/runs/cifar100_coarse/pennylane/seed-42/diagnostics/probes,
cifar100_coarse,diagnostics/noise-study,1,133,outputs/quantum-parallel-128-20/runs/cifar100_coarse/pennylane/seed-42/diagnostics/noise-study,
cifar100_coarse,diagnostics/noise-study/e00023-0d6d6148b2c0,207,761563389,outputs/quantum-parallel-128-20/runs/cifar100_coarse/pennylane/seed-42/diagnostics/noise-study/e00023-0d6d6148b2c0,
cifar100_coarse,telemetry/76c112833446470c83487f844287bdf7,3,8061146,outputs/quantum-parallel-128-20/runs/cifar100_coarse/pennylane/seed-42/telemetry/76c112833446470c83487f844287bdf7,
svhn,batch_json,66000,450854795,"outputs/quantum-parallel-128-20/runs/svhn/pennylane/seed-42/diagnostics/batches/epoch-*/{train,validation}/batch-*.json",5b86aef9e99dd3d147f7d56edb30a48ca93136e19555cb12f222b00dbf552456
svhn,run_metadata,16,1319863,outputs/quantum-parallel-128-20/runs/svhn/pennylane/seed-42/run_metadata,
svhn,checkpoints,5,1064844,outputs/quantum-parallel-128-20/runs/svhn/pennylane/seed-42/checkpoints,
svhn,diagnostics,1,146771070,outputs/quantum-parallel-128-20/runs/svhn/pennylane/seed-42/diagnostics,
svhn,diagnostics/probes,204,135313810,outputs/quantum-parallel-128-20/runs/svhn/pennylane/seed-42/diagnostics/probes,
svhn,diagnostics/noise-study,1,133,outputs/quantum-parallel-128-20/runs/svhn/pennylane/seed-42/diagnostics/noise-study,
svhn,diagnostics/noise-study/e00009-eb8383764992,207,1148473494,outputs/quantum-parallel-128-20/runs/svhn/pennylane/seed-42/diagnostics/noise-study/e00009-eb8383764992,
svhn,telemetry/8e31146830b14cb792fc4f83df9e3e4e,3,12930678,outputs/quantum-parallel-128-20/runs/svhn/pennylane/seed-42/telemetry/8e31146830b14cb792fc4f83df9e3e4e,
gtsrb,batch_json,26200,178781953,"outputs/quantum-parallel-128-20/runs/gtsrb/pennylane/seed-42/diagnostics/batches/epoch-*/{train,validation}/batch-*.json",c73beb595e0a244b6a6c436a1b64299b5179e3559b4c5ea1136b59b089cf5251
gtsrb,run_metadata,16,2212737,outputs/quantum-parallel-128-20/runs/gtsrb/pennylane/seed-42/run_metadata,
gtsrb,checkpoints,4,823729,outputs/quantum-parallel-128-20/runs/gtsrb/pennylane/seed-42/checkpoints,
gtsrb,diagnostics,1,58203181,outputs/quantum-parallel-128-20/runs/gtsrb/pennylane/seed-42/diagnostics,
gtsrb,diagnostics/probes,204,580273715,outputs/quantum-parallel-128-20/runs/gtsrb/pennylane/seed-42/diagnostics/probes,
gtsrb,diagnostics/noise-study,1,133,outputs/quantum-parallel-128-20/runs/gtsrb/pennylane/seed-42/diagnostics/noise-study,
gtsrb,diagnostics/noise-study/e00099-29b43e597ed7,207,593771214,outputs/quantum-parallel-128-20/runs/gtsrb/pennylane/seed-42/diagnostics/noise-study/e00099-29b43e597ed7,
gtsrb,telemetry/483e27c4601e4f1393c0fef3c7f8c0b2,3,5149748,outputs/quantum-parallel-128-20/runs/gtsrb/pennylane/seed-42/telemetry/483e27c4601e4f1393c0fef3c7f8c0b2,
fer2013,batch_json,24000,163750303,"outputs/quantum-parallel-128-20/runs/fer2013/pennylane/seed-42/diagnostics/batches/epoch-*/{train,validation}/batch-*.json",7454ad4d8115f3ab19954a7b2e5a981471b51b1e100def12796de7f9d59fec77
fer2013,run_metadata,16,460469,outputs/quantum-parallel-128-20/runs/fer2013/pennylane/seed-42/run_metadata,
fer2013,checkpoints,5,1061817,outputs/quantum-parallel-128-20/runs/fer2013/pennylane/seed-42/checkpoints,
fer2013,diagnostics,1,53224207,outputs/quantum-parallel-128-20/runs/fer2013/pennylane/seed-42/diagnostics,
fer2013,diagnostics/probes,204,94941797,outputs/quantum-parallel-128-20/runs/fer2013/pennylane/seed-42/diagnostics/probes,
fer2013,diagnostics/noise-study,1,133,outputs/quantum-parallel-128-20/runs/fer2013/pennylane/seed-42/diagnostics/noise-study,
fer2013,diagnostics/noise-study/e00096-22b2d872b1aa,207,412242742,outputs/quantum-parallel-128-20/runs/fer2013/pennylane/seed-42/diagnostics/noise-study/e00096-22b2d872b1aa,
fer2013,telemetry/d0b6b5eacf8c493299f3b9155c5a4f2e,3,4710262,outputs/quantum-parallel-128-20/runs/fer2013/pennylane/seed-42/telemetry/d0b6b5eacf8c493299f3b9155c5a4f2e,
