dataset,session,phase,samples,first_hour,last_hour
mnist,8fdf154f1c1c4634b34aa1cd1f24973b,completed,1,6.745463646793893,6.745463646793893
mnist,8fdf154f1c1c4634b34aa1cd1f24973b,initialization,1,3.44631944446721e-06,3.44631944446721e-06
mnist,8fdf154f1c1c4634b34aa1cd1f24973b,,4839,0.001395473530000244,6.744576791030001
fashion_mnist,483083a9c5f8456091d5298941fd2669,completed,1,6.747084268680555,6.747084268680555
fashion_mnist,483083a9c5f8456091d5298941fd2669,initialization,1,2.4509249972955635e-07,2.4509249972955635e-07
fashion_mnist,483083a9c5f8456091d5298941fd2669,,4841,0.001393331736107939,6.746720115625002
kmnist,316ea7df59fa403297d5e45d86966ba6,completed,1,6.777101860844996,6.777101860844996
kmnist,316ea7df59fa403297d5e45d86966ba6,initialization,1,2.923497150833201e-07,2.923497150833201e-07
kmnist,316ea7df59fa403297d5e45d86966ba6,,4862,0.001393507546381443,6.776101007847222
emnist_balanced,cc2873e9ceac4fce87cf17f3c1fd5de5,completed,1,12.762125227997773,12.762125227997773
emnist_balanced,cc2873e9ceac4fce87cf17f3c1fd5de5,initialization,1,1.9780082867429074e-07,1.9780082867429074e-07
emnist_balanced,cc2873e9ceac4fce87cf17f3c1fd5de5,,9157,0.001393447696666246,12.762025909351934
cifar10,cd59bf760a564e6ca7eefe606c52010d,completed,1,5.8371299328355555,5.8371299328355555
cifar10,cd59bf760a564e6ca7eefe606c52010d,initialization,1,2.320949958326916e-07,2.320949958326916e-07
cifar10,cd59bf760a564e6ca7eefe606c52010d,,4189,0.00139297465276387,5.836636629317217
cifar100_coarse,76c112833446470c83487f844287bdf7,completed,1,5.854444534051113,5.854444534051113
cifar100_coarse,76c112833446470c83487f844287bdf7,initialization,1,3.01423602245955e-07,3.01423602245955e-07
cifar100_coarse,76c112833446470c83487f844287bdf7,,4201,0.0013914657524987382,5.853226232291668
svhn,8e31146830b14cb792fc4f83df9e3e4e,completed,1,9.624399991365564,9.624399991365564
svhn,8e31146830b14cb792fc4f83df9e3e4e,initialization,1,2.17580834739945e-07,2.17580834739945e-07
svhn,8e31146830b14cb792fc4f83df9e3e4e,,6907,0.0013930885183314483,9.624200504872505
gtsrb,483e27c4601e4f1393c0fef3c7f8c0b2,completed,1,3.821671708888882,3.821671708888882
gtsrb,483e27c4601e4f1393c0fef3c7f8c0b2,initialization,1,2.2083333331263729e-07,2.2083333331263729e-07
gtsrb,483e27c4601e4f1393c0fef3c7f8c0b2,,2742,0.0013932056249985989,3.8207146181944376
fer2013,d0b6b5eacf8c493299f3b9155c5a4f2e,completed,1,3.47258601210667,3.47258601210667
fer2013,d0b6b5eacf8c493299f3b9155c5a4f2e,initialization,1,6.078588840965595e-07,6.078588840965595e-07
fer2013,d0b6b5eacf8c493299f3b9155c5a4f2e,,2492,0.001393624560280134,3.4725830704630547
