dataset,name,epochs,selected_epoch,train_examples,val_examples,test_examples,num_classes,parameters,test_accuracy,test_macro_f1,test_balanced_accuracy,test_macro_precision,test_macro_recall,test_auc,test_loss,val_macro_f1,session_hours,epoch_hours,final_train_accuracy,final_val_accuracy,gap_pp,completed_brt,profile_examples_per_second,profile_estimated_train_hours,classical_eligible,classical_differences,telemetry_samples,cpu_system_mean,cpu_tree_mean,rss_tree_peak_gib,rss_main_peak_gib,batch_files,circuit_records,train_batches,validation_batches
mnist,MNIST,100,13,48999,10503,10498,10,19482,0.9930462945322919,0.9930490004656918,0.9929693203437099,0.9931401148208374,0.9929693203437099,0.9995870107419602,0.03246228024363518,0.9936635483492278,6.745384210347224,6.032494227407822,1.0,0.9935256838798524,0.6474316120147594,2026-10-03T04:59:08.292000-03:00,235.53670832916976,5.778646322216484,False,split_fingerprint,4841,41.41445982235075,383.9073331956207,3.278656005859375,2.403961181640625,46600,186400,38300,8300
fashion_mnist,Fashion-MNIST,100,5,49000,10500,10500,10,19482,0.9186666666666666,0.9189430252138597,0.9186666666666667,0.9193245980821221,0.9186666666666667,0.9882435273368607,0.32107236981391907,0.9243097551465713,6.747003443854167,6.042296656133298,0.9994897842407228,0.9197142720222472,7.977551221847556,2026-10-03T11:43:58.216000-03:00,245.66861144094082,5.540435561253314,False,split_fingerprint,4843,41.66345240553376,384.3725583316126,2.9968719482421875,1.9740142822265625,46600,186400,38300,8300
kmnist,KMNIST,100,30,49000,10500,10500,10,19482,0.9864761904761905,0.9864807584140548,0.9864761904761904,0.9864915607877955,0.9864761904761904,0.9992502796674225,0.06909941881895065,0.987147130296991,6.777020931956107,6.069011714352794,1.0,0.9861904978752136,1.3809502124786377,2026-10-03T18:30:36.221000-03:00,242.8973475812996,5.6036474859221626,False,split_fingerprint,4864,41.43895970394737,384.29383223684204,3.1791839599609375,2.3755645751953125,46600,186400,38300,8300
emnist_balanced,EMNIST Balanced,100,40,92120,19740,19740,47,20259,0.8852077001013171,0.8847409114940987,0.8852077001013173,0.8858154016993925,0.8852077001013173,0.9956566301358657,0.3952568471431732,0.8884970142699415,12.762045292025553,11.419365807974422,0.9518345594406128,0.8843464851379395,6.748807430267334,2026-10-04T07:16:20.558000-03:00,242.12603669955232,10.568416861603964,False,split_fingerprint,9159,42.224238453979694,384.27903701277427,3.2431182861328125,2.4959564208984375,87500,350000,72000,15500
cifar10,CIFAR-10,100,12,42000,9000,9000,10,19482,0.7325555555555555,0.7331986430202305,0.7325555555555556,0.7343340030839546,0.7325555555555556,0.9445882098765432,1.0790554285049438,0.7335172270165422,5.837049742476665,5.22336118053391,0.993238091468811,0.7243333458900452,26.890474557876587,2026-10-04T13:06:34.706000-03:00,239.99896874570564,4.86113199887465,False,split_fingerprint,4191,42.37442137914579,384.5351944643283,2.95751953125,1.9650726318359375,40000,160000,32900,7100
cifar100_coarse,CIFAR-100 coarse,100,23,42000,9000,9000,20,19692,0.47055555555555556,0.47116658006741796,0.47055555555555567,0.4726273911139242,0.47055555555555567,0.8797345159194283,2.0857694149017334,0.4842775105637077,5.854360976250011,5.236384364952844,0.8315714001655579,0.4738888740539551,35.76825261116028,2026-10-04T18:57:51.101000-03:00,242.5694358498713,4.809619408888466,False,split_fingerprint,4203,42.2936711872472,384.20854151796334,2.8635406494140625,2.050872802734375,40000,160000,32900,7100
svhn,SVHN,100,9,69502,14894,14893,10,19482,0.9301685355536158,0.9263439517342696,0.9255989010217789,0.9271883634676714,0.9255989010217789,0.9920318298155107,0.29263702034950256,0.9258521953870705,9.624320855740839,8.624806087558763,0.999942421913147,0.9254733324050904,7.446908950805653,2026-10-05T04:35:19.525000-03:00,243.15530127689104,7.939827348911649,False,split_fingerprint,6909,42.40233029381966,384.6475322043711,2.9359130859375,1.99481201171875,66000,264000,54300,11700
gtsrb,GTSRB,100,99,27489,5905,5876,43,20175,0.9964261402314499,0.9959042635514521,0.996924070736901,0.9949973883047405,0.996924070736901,0.9999535795219751,0.0240227822214365,0.9974802236581521,3.8215897957405507,3.4043338250559465,1.0,0.9971210956573486,0.2878904342651367,2026-10-05T08:24:37.920000-03:00,241.90475426383952,3.1565453752947406,False,split_fingerprint,2744,42.72725947521866,384.1358965014577,2.561737060546875,1.744537353515625,26200,104800,21500,4700
fer2013,FER2013,100,96,25121,5384,5382,7,19419,0.5085470085470085,0.48518659609655285,0.4752363369291529,0.4991923352932884,0.4752363369291529,0.8003586217009341,2.4971423149108887,0.5023468874441044,3.47250571935166,3.115372282141648,0.9256001114845276,0.5133729577064514,41.22271537780762,2026-10-05T11:52:59.575000-03:00,239.57873446759467,2.912635618959497,False,split_fingerprint,2494,43.72750601443464,385.0246992782678,2.399261474609375,1.4698028564453125,24000,96000,19700,4300
